scenario,period_ms,lines,epochs,seed,overrun_probability,overrun_min_extra,overrun_max_extra,total_regions,mandatory_infeasible,optional_skipped,dispatch_infeasible,expired_waiting,completed,deadline_misses,thermal_violations,budget_mode,network_mode,overrun_count,overrun_rate_observed,iit_celsius_seconds,peak_temperature_c,mandatory_total,mandatory_missed,mandatory_dmr
nominal,100,4,1000,101,0.0,0.0,0.0,16000,0,2000,0,0,14000,0,0,assigned_level_sensitivity,dynamic,0,0.0,0.0,59.99999236815212,4000,0,0.0
nominal,100,4,1000,202,0.0,0.0,0.0,16000,0,2000,0,0,14000,0,0,assigned_level_sensitivity,dynamic,0,0.0,0.0,59.99999424525093,4000,0,0.0
nominal,100,4,1000,303,0.0,0.0,0.0,16000,0,2000,0,0,14000,0,0,assigned_level_sensitivity,dynamic,0,0.0,0.0,59.99999855966834,4000,0,0.0
nominal,100,4,1000,404,0.0,0.0,0.0,16000,0,2000,0,0,14000,0,0,assigned_level_sensitivity,dynamic,0,0.0,0.0,59.99997010163274,4000,0,0.0
nominal,100,4,1000,505,0.0,0.0,0.0,16000,0,2000,0,0,14000,0,0,assigned_level_sensitivity,dynamic,0,0.0,0.0,59.999988996096384,4000,0,0.0
nominal,100,4,1000,606,0.0,0.0,0.0,16000,0,2000,0,0,14000,0,0,assigned_level_sensitivity,dynamic,0,0.0,0.0,59.99999909729459,4000,0,0.0
nominal,100,4,1000,707,0.0,0.0,0.0,16000,0,2000,0,0,14000,0,0,assigned_level_sensitivity,dynamic,0,0.0,0.0,59.99996225671746,4000,0,0.0
nominal,100,4,1000,808,0.0,0.0,0.0,16000,0,2000,0,0,14000,0,0,assigned_level_sensitivity,dynamic,0,0.0,0.0,59.99997658647821,4000,0,0.0
nominal,100,4,1000,909,0.0,0.0,0.0,16000,0,2000,0,0,14000,0,0,assigned_level_sensitivity,dynamic,0,0.0,0.0,59.99994295165466,4000,0,0.0
nominal,100,4,1000,1010,0.0,0.0,0.0,16000,0,2000,0,0,14000,0,0,assigned_level_sensitivity,dynamic,0,0.0,0.0,59.99997442643853,4000,0,0.0
nominal,150,4,1000,101,0.0,0.0,0.0,16000,0,587,0,0,15413,0,0,assigned_level_sensitivity,dynamic,0,0.0,0.0,59.99994870671624,4000,0,0.0
nominal,150,4,1000,202,0.0,0.0,0.0,16000,0,675,0,0,15325,0,0,assigned_level_sensitivity,dynamic,0,0.0,0.0,59.99997334685676,4000,0,0.0
nominal,150,4,1000,303,0.0,0.0,0.0,16000,0,612,0,0,15388,0,0,assigned_level_sensitivity,dynamic,0,0.0,0.0,59.99999521799262,4000,0,0.0
nominal,150,4,1000,404,0.0,0.0,0.0,16000,0,544,0,0,15456,0,0,assigned_level_sensitivity,dynamic,0,0.0,0.0,59.9999530767594,4000,0,0.0
nominal,150,4,1000,505,0.0,0.0,0.0,16000,0,552,0,0,15448,0,0,assigned_level_sensitivity,dynamic,0,0.0,0.0,59.999981514867706,4000,0,0.0
nominal,150,4,1000,606,0.0,0.0,0.0,16000,0,656,0,0,15344,0,0,assigned_level_sensitivity,dynamic,0,0.0,0.0,59.999910134083606,4000,0,0.0
nominal,150,4,1000,707,0.0,0.0,0.0,16000,0,568,0,0,15432,0,0,assigned_level_sensitivity,dynamic,0,0.0,0.0,59.99993544635984,4000,0,0.0
nominal,150,4,1000,808,0.0,0.0,0.0,16000,0,711,0,0,15289,0,0,assigned_level_sensitivity,dynamic,0,0.0,0.0,59.99992872945439,4000,0,0.0
nominal,150,4,1000,909,0.0,0.0,0.0,16000,0,636,0,0,15364,0,0,assigned_level_sensitivity,dynamic,0,0.0,0.0,59.99997801529649,4000,0,0.0
nominal,150,4,1000,1010,0.0,0.0,0.0,16000,0,584,0,0,15416,0,0,assigned_level_sensitivity,dynamic,0,0.0,0.0,59.999934362086364,4000,0,0.0
nominal,200,4,1000,101,0.0,0.0,0.0,16000,0,88,0,0,15912,0,0,assigned_level_sensitivity,dynamic,0,0.0,0.0,59.99998721942367,4000,0,0.0
nominal,200,4,1000,202,0.0,0.0,0.0,16000,0,72,0,0,15928,0,0,assigned_level_sensitivity,dynamic,0,0.0,0.0,59.99994186340297,4000,0,0.0
nominal,200,4,1000,303,0.0,0.0,0.0,16000,0,88,0,0,15912,0,0,assigned_level_sensitivity,dynamic,0,0.0,0.0,59.999999207126365,4000,0,0.0
nominal,200,4,1000,404,0.0,0.0,0.0,16000,0,104,0,0,15896,0,0,assigned_level_sensitivity,dynamic,0,0.0,0.0,59.99997944403692,4000,0,0.0
nominal,200,4,1000,505,0.0,0.0,0.0,16000,0,64,0,0,15936,0,0,assigned_level_sensitivity,dynamic,0,0.0,0.0,59.99998930976578,4000,0,0.0
nominal,200,4,1000,606,0.0,0.0,0.0,16000,0,112,0,0,15888,0,0,assigned_level_sensitivity,dynamic,0,0.0,0.0,59.99998260322262,4000,0,0.0
nominal,200,4,1000,707,0.0,0.0,0.0,16000,0,104,0,0,15896,0,0,assigned_level_sensitivity,dynamic,0,0.0,0.0,59.99994618208159,4000,0,0.0
nominal,200,4,1000,808,0.0,0.0,0.0,16000,0,72,0,0,15928,0,0,assigned_level_sensitivity,dynamic,0,0.0,0.0,59.99999884700787,4000,0,0.0
nominal,200,4,1000,909,0.0,0.0,0.0,16000,0,72,0,0,15928,0,0,assigned_level_sensitivity,dynamic,0,0.0,0.0,59.99999059130012,4000,0,0.0
nominal,200,4,1000,1010,0.0,0.0,0.0,16000,0,88,0,0,15912,0,0,assigned_level_sensitivity,dynamic,0,0.0,0.0,59.99998064522435,4000,0,0.0
nominal,250,4,1000,101,0.0,0.0,0.0,16000,0,56,0,0,15944,0,0,assigned_level_sensitivity,dynamic,0,0.0,0.0,59.999813085058065,4000,0,0.0
nominal,250,4,1000,202,0.0,0.0,0.0,16000,0,0,0,0,16000,0,0,assigned_level_sensitivity,dynamic,0,0.0,0.0,59.99947443308518,4000,0,0.0
nominal,250,4,1000,303,0.0,0.0,0.0,16000,0,16,0,0,15984,0,0,assigned_level_sensitivity,dynamic,0,0.0,0.0,59.99995657619775,4000,0,0.0
nominal,250,4,1000,404,0.0,0.0,0.0,16000,0,24,0,0,15976,0,0,assigned_level_sensitivity,dynamic,0,0.0,0.0,59.99957459394974,4000,0,0.0
nominal,250,4,1000,505,0.0,0.0,0.0,16000,0,0,0,0,16000,0,0,assigned_level_sensitivity,dynamic,0,0.0,0.0,59.99978006600176,4000,0,0.0
nominal,250,4,1000,606,0.0,0.0,0.0,16000,0,24,0,0,15976,0,0,assigned_level_sensitivity,dynamic,0,0.0,0.0,59.999972503501056,4000,0,0.0
nominal,250,4,1000,707,0.0,0.0,0.0,16000,0,32,0,0,15968,0,0,assigned_level_sensitivity,dynamic,0,0.0,0.0,59.99973302539882,4000,0,0.0
nominal,250,4,1000,808,0.0,0.0,0.0,16000,0,16,0,0,15984,0,0,assigned_level_sensitivity,dynamic,0,0.0,0.0,59.99936884991677,4000,0,0.0
nominal,250,4,1000,909,0.0,0.0,0.0,16000,0,0,0,0,16000,0,0,assigned_level_sensitivity,dynamic,0,0.0,0.0,59.99994523430672,4000,0,0.0
nominal,250,4,1000,1010,0.0,0.0,0.0,16000,0,24,0,0,15976,0,0,assigned_level_sensitivity,dynamic,0,0.0,0.0,59.99970639467735,4000,0,0.0
nominal,300,4,1000,101,0.0,0.0,0.0,16000,0,0,0,0,16000,0,0,assigned_level_sensitivity,dynamic,0,0.0,0.0,59.99990913166363,4000,0,0.0
nominal,300,4,1000,202,0.0,0.0,0.0,16000,0,0,0,0,16000,0,0,assigned_level_sensitivity,dynamic,0,0.0,0.0,59.999979807732466,4000,0,0.0
nominal,300,4,1000,303,0.0,0.0,0.0,16000,0,0,0,0,16000,0,0,assigned_level_sensitivity,dynamic,0,0.0,0.0,59.9995477061429,4000,0,0.0
nominal,300,4,1000,404,0.0,0.0,0.0,16000,0,0,0,0,16000,0,0,assigned_level_sensitivity,dynamic,0,0.0,0.0,59.999967214880456,4000,0,0.0
nominal,300,4,1000,505,0.0,0.0,0.0,16000,0,0,0,0,16000,0,0,assigned_level_sensitivity,dynamic,0,0.0,0.0,59.999465202049585,4000,0,0.0
nominal,300,4,1000,606,0.0,0.0,0.0,16000,0,0,0,0,16000,0,0,assigned_level_sensitivity,dynamic,0,0.0,0.0,59.999846769877024,4000,0,0.0
nominal,300,4,1000,707,0.0,0.0,0.0,16000,0,0,0,0,16000,0,0,assigned_level_sensitivity,dynamic,0,0.0,0.0,59.999882957494634,4000,0,0.0
nominal,300,4,1000,808,0.0,0.0,0.0,16000,0,0,0,0,16000,0,0,assigned_level_sensitivity,dynamic,0,0.0,0.0,59.99999044247375,4000,0,0.0
nominal,300,4,1000,909,0.0,0.0,0.0,16000,0,0,0,0,16000,0,0,assigned_level_sensitivity,dynamic,0,0.0,0.0,59.99937259224664,4000,0,0.0
nominal,300,4,1000,1010,0.0,0.0,0.0,16000,0,0,0,0,16000,0,0,assigned_level_sensitivity,dynamic,0,0.0,0.0,59.99872336284433,4000,0,0.0
rare_hidden_overrun,100,4,1000,101,0.005,0.1,0.7,16000,18,2092,10,9,13871,55,4,assigned_level_sensitivity,dynamic,75,0.005406964169850768,5.2787888261361716e-05,60.01793736085829,4000,18,0.0045
rare_hidden_overrun,100,4,1000,202,0.005,0.1,0.7,16000,10,2060,10,6,13914,48,4,assigned_level_sensitivity,dynamic,64,0.004599683771740692,0.00025481957942820923,60.02952679580722,4000,10,0.0025
rare_hidden_overrun,100,4,1000,303,0.005,0.1,0.7,16000,10,2081,41,9,13859,52,12,assigned_level_sensitivity,dynamic,78,0.0056281116963705895,0.0004383778757285006,60.06874442820646,4000,10,0.0025
rare_hidden_overrun,100,4,1000,404,0.005,0.1,0.7,16000,16,2099,26,11,13848,50,8,assigned_level_sensitivity,dynamic,65,0.004693818601964182,0.00032595924586376675,60.037559537322934,4000,17,0.00425
rare_hidden_overrun,100,4,1000,505,0.005,0.1,0.7,16000,10,2073,20,8,13889,48,5,assigned_level_sensitivity,dynamic,70,0.005039959680322557,3.869582740264004e-05,60.0196466708638,4000,10,0.0025
rare_hidden_overrun,100,4,1000,606,0.005,0.1,0.7,16000,8,2073,16,8,13895,51,5,assigned_level_sensitivity,dynamic,66,0.004749910039582583,8.765288321026791e-05,60.03254863084673,4000,8,0.002
rare_hidden_overrun,100,4,1000,707,0.005,0.1,0.7,16000,8,2051,17,5,13919,40,5,assigned_level_sensitivity,dynamic,62,0.004454342984409799,0.00027518382171454794,60.04899648693009,4000,8,0.002
rare_hidden_overrun,100,4,1000,808,0.005,0.1,0.7,16000,18,2110,0,11,13861,55,0,assigned_level_sensitivity,dynamic,75,0.005410865016954044,0.0,59.99999427151076,4000,18,0.0045
rare_hidden_overrun,100,4,1000,909,0.005,0.1,0.7,16000,10,2061,27,6,13896,41,7,assigned_level_sensitivity,dynamic,66,0.004749568221070812,0.000133062574970982,60.026031425012214,4000,10,0.0025
rare_hidden_overrun,100,4,1000,1010,0.005,0.1,0.7,16000,6,2039,5,4,13946,36,2,assigned_level_sensitivity,dynamic,51,0.0036569625699125197,0.00012006767462961716,60.041777982275704,4000,6,0.0015
rare_hidden_overrun,150,4,1000,101,0.005,0.1,0.7,16000,0,588,1,0,15411,10,12,assigned_level_sensitivity,dynamic,80,0.005191097268185062,0.003015145257129161,60.09718163425056,4000,0,0.0
rare_hidden_overrun,150,4,1000,202,0.005,0.1,0.7,16000,1,685,3,1,15310,12,14,assigned_level_sensitivity,dynamic,69,0.004506858262573481,0.0038485392279264934,60.164001153592,4000,4,0.001
rare_hidden_overrun,150,4,1000,303,0.005,0.1,0.7,16000,0,610,11,0,15379,7,19,assigned_level_sensitivity,dynamic,84,0.005461993627674101,0.00328298053798177,60.114382337770735,4000,7,0.00175
rare_hidden_overrun,150,4,1000,404,0.005,0.1,0.7,16000,0,548,10,0,15442,12,20,assigned_level_sensitivity,dynamic,81,0.005245434529206061,0.003993935898252412,60.092987600313975,4000,9,0.00225
rare_hidden_overrun,150,4,1000,505,0.005,0.1,0.7,16000,0,553,7,0,15440,7,20,assigned_level_sensitivity,dynamic,77,0.004987046632124352,0.0016092774142442451,60.058813325700264,4000,7,0.00175
rare_hidden_overrun,150,4,1000,606,0.005,0.1,0.7,16000,0,655,6,0,15339,6,22,assigned_level_sensitivity,dynamic,75,0.004889497359671426,0.007352103195689794,60.15296293483624,4000,6,0.0015
rare_hidden_overrun,150,4,1000,707,0.005,0.1,0.7,16000,0,564,12,0,15424,9,23,assigned_level_sensitivity,dynamic,72,0.00466804979253112,0.004604910706995174,60.104494495848286,4000,10,0.0025
rare_hidden_overrun,150,4,1000,808,0.005,0.1,0.7,16000,0,711,1,0,15288,10,12,assigned_level_sensitivity,dynamic,79,0.005167451596023024,0.0024251241001164202,60.0941092293525,4000,1,0.00025
rare_hidden_overrun,150,4,1000,909,0.005,0.1,0.7,16000,0,639,6,0,15355,10,14,assigned_level_sensitivity,dynamic,70,0.004558775643112993,0.007538678364297489,60.18436442347914,4000,6,0.0015
rare_hidden_overrun,150,4,1000,1010,0.005,0.1,0.7,16000,0,583,3,0,15414,9,10,assigned_level_sensitivity,dynamic,59,0.003827689113792656,0.003081324549906208,60.0907386715765,4000,3,0.00075
rare_hidden_overrun,200,4,1000,101,0.005,0.1,0.7,16000,0,89,0,0,15911,11,9,assigned_level_sensitivity,dynamic,84,0.005279366476022877,0.0036565138417690105,60.12245489934794,4000,0,0.0
rare_hidden_overrun,200,4,1000,202,0.005,0.1,0.7,16000,0,75,0,0,15925,8,16,assigned_level_sensitivity,dynamic,71,0.00445839874411303,0.002390391208598727,60.09000920416585,4000,0,0.0
rare_hidden_overrun,200,4,1000,303,0.005,0.1,0.7,16000,0,92,0,0,15908,14,22,assigned_level_sensitivity,dynamic,86,0.005406084988684938,0.0031464588349849154,60.07273462588326,4000,0,0.0
rare_hidden_overrun,200,4,1000,404,0.005,0.1,0.7,16000,0,105,0,0,15895,9,24,assigned_level_sensitivity,dynamic,85,0.0053475935828877,0.0053807073676921825,60.1151515089754,4000,0,0.0
rare_hidden_overrun,200,4,1000,505,0.005,0.1,0.7,16000,0,66,2,0,15932,14,15,assigned_level_sensitivity,dynamic,81,0.005084107456690937,0.003743482531696445,60.10188199323005,4000,2,0.0005
rare_hidden_overrun,200,4,1000,606,0.005,0.1,0.7,16000,0,118,1,0,15881,14,12,assigned_level_sensitivity,dynamic,75,0.004722624519866507,0.001038707590413445,60.059551347820545,4000,1,0.00025
rare_hidden_overrun,200,4,1000,707,0.005,0.1,0.7,16000,0,105,0,0,15895,7,15,assigned_level_sensitivity,dynamic,75,0.004718464926077383,0.0024678851552172006,60.08274192712895,4000,0,0.0
rare_hidden_overrun,200,4,1000,808,0.005,0.1,0.7,16000,0,73,0,0,15927,4,15,assigned_level_sensitivity,dynamic,81,0.005085703522320587,0.0008900233056020919,60.051127012858835,4000,0,0.0
rare_hidden_overrun,200,4,1000,909,0.005,0.1,0.7,16000,0,73,2,0,15925,8,19,assigned_level_sensitivity,dynamic,70,0.004395604395604396,0.006929185477081841,60.18016754819008,4000,2,0.0005
rare_hidden_overrun,200,4,1000,1010,0.005,0.1,0.7,16000,0,88,1,0,15911,7,14,assigned_level_sensitivity,dynamic,62,0.0038966752561121237,0.007496570024985295,60.17229251727311,4000,1,0.00025
rare_hidden_overrun,250,4,1000,101,0.005,0.1,0.7,16000,0,56,0,0,15944,0,3,assigned_level_sensitivity,dynamic,84,0.0052684395383843455,3.316294796381776e-05,60.020853883674405,4000,0,0.0
rare_hidden_overrun,250,4,1000,202,0.005,0.1,0.7,16000,0,0,0,0,16000,0,5,assigned_level_sensitivity,dynamic,71,0.0044375,0.005867033005772575,60.18831933585322,4000,0,0.0
rare_hidden_overrun,250,4,1000,303,0.005,0.1,0.7,16000,0,16,0,0,15984,1,9,assigned_level_sensitivity,dynamic,86,0.0053803803803803806,0.004963058484995368,60.099958807912415,4000,0,0.0
rare_hidden_overrun,250,4,1000,404,0.005,0.1,0.7,16000,0,24,0,0,15976,1,1,assigned_level_sensitivity,dynamic,85,0.005320480721081622,0.000256802366003645,60.047198896333896,4000,0,0.0
rare_hidden_overrun,250,4,1000,505,0.005,0.1,0.7,16000,0,0,0,0,16000,0,6,assigned_level_sensitivity,dynamic,81,0.0050625,0.003078240891375129,60.11433320379905,4000,0,0.0
rare_hidden_overrun,250,4,1000,606,0.005,0.1,0.7,16000,0,24,0,0,15976,0,6,assigned_level_sensitivity,dynamic,75,0.004694541812719079,0.001638940355582054,60.10736121453728,4000,0,0.0
rare_hidden_overrun,250,4,1000,707,0.005,0.1,0.7,16000,0,32,1,0,15967,0,5,assigned_level_sensitivity,dynamic,75,0.004697187950147178,0.0033545955552050912,60.15746674897874,4000,1,0.00025
rare_hidden_overrun,250,4,1000,808,0.005,0.1,0.7,16000,0,16,0,0,15984,1,5,assigned_level_sensitivity,dynamic,81,0.005067567567567568,0.0009932072641510535,60.05460428238127,4000,0,0.0
rare_hidden_overrun,250,4,1000,909,0.005,0.1,0.7,16000,0,0,0,0,16000,0,3,assigned_level_sensitivity,dynamic,70,0.004375,0.0017808111580265996,60.12266998023185,4000,0,0.0
rare_hidden_overrun,250,4,1000,1010,0.005,0.1,0.7,16000,0,24,0,0,15976,1,6,assigned_level_sensitivity,dynamic,62,0.0038808212318477715,0.0022381699248182813,60.13208743418835,4000,0,0.0
rare_hidden_overrun,300,4,1000,101,0.005,0.1,0.7,16000,0,0,0,0,16000,0,1,assigned_level_sensitivity,dynamic,84,0.00525,0.0005446940247327281,60.06874132067243,4000,0,0.0
rare_hidden_overrun,300,4,1000,202,0.005,0.1,0.7,16000,0,0,0,0,16000,0,4,assigned_level_sensitivity,dynamic,71,0.0044375,0.0014894618058155038,60.07152045062227,4000,0,0.0
rare_hidden_overrun,300,4,1000,303,0.005,0.1,0.7,16000,0,0,0,0,16000,0,2,assigned_level_sensitivity,dynamic,86,0.005375,0.00024236454511761808,60.04227422266634,4000,0,0.0
rare_hidden_overrun,300,4,1000,404,0.005,0.1,0.7,16000,0,0,0,0,16000,0,4,assigned_level_sensitivity,dynamic,85,0.0053125,0.0003824930618675699,60.07186450898232,4000,0,0.0
rare_hidden_overrun,300,4,1000,505,0.005,0.1,0.7,16000,0,0,0,0,16000,0,4,assigned_level_sensitivity,dynamic,81,0.0050625,0.0009755870198210363,60.08647895167783,4000,0,0.0
rare_hidden_overrun,300,4,1000,606,0.005,0.1,0.7,16000,0,0,0,0,16000,0,0,assigned_level_sensitivity,dynamic,75,0.0046875,0.0,59.99988232809592,4000,0,0.0
rare_hidden_overrun,300,4,1000,707,0.005,0.1,0.7,16000,0,0,0,0,16000,0,6,assigned_level_sensitivity,dynamic,75,0.0046875,0.00252240265447358,60.138241276493254,4000,0,0.0
rare_hidden_overrun,300,4,1000,808,0.005,0.1,0.7,16000,0,0,0,0,16000,0,4,assigned_level_sensitivity,dynamic,81,0.0050625,0.0029004033370875703,60.11240527948699,4000,0,0.0
rare_hidden_overrun,300,4,1000,909,0.005,0.1,0.7,16000,0,0,0,0,16000,0,1,assigned_level_sensitivity,dynamic,70,0.004375,0.0026161698447796145,60.150652654418494,4000,0,0.0
rare_hidden_overrun,300,4,1000,1010,0.005,0.1,0.7,16000,0,0,0,0,16000,0,1,assigned_level_sensitivity,dynamic,62,0.003875,0.00011653705064121952,60.03586889199403,4000,0,0.0
