period_ms,lines,seed,mandatory_rejection_ratio,admitted_mandatory_violation_ratio,mean_voltage,peak_modeled_temperature,total_iit_celsius_seconds,mean_complete_image_dice,pixel_defect_recall,image_complete_miss_rate
40,4,101,0.0,0.0,-0.0006160000000000609,-8.220310071749282e-06,0.0,0.0,0.0,0.0
40,4,202,0.0,0.0,-0.0007000000000000339,-1.3571655046007436e-05,0.0,0.0,0.0,0.0
40,4,303,0.0,0.0,-0.0006420000000000314,-9.860815691098423e-05,0.0,0.0,0.0,0.0
40,4,404,0.0,0.0,-0.0007480000000000819,-2.758622322573956e-06,0.0,0.0,0.0,0.0
40,4,505,0.0,0.0,-0.0005880000000000329,-1.6652094338098777e-05,0.0,0.0,0.0,0.0
40,4,606,0.0,0.0,-0.0006860000000000754,-2.1577695562768895e-05,0.0,0.0,0.0,0.0
40,4,707,0.0,0.0,-0.0006320000000000769,-1.4210771816181023e-05,0.0,0.0,0.0,0.0
40,4,808,0.0,0.0,-0.00058400000000014,-2.603283108726373e-05,0.0,0.0,0.0,0.0
40,4,909,0.0,0.0,-0.0006220000000001225,-3.063453492302415e-05,0.0,0.0,0.0,0.0
40,4,1010,0.0,0.0,-0.0006100000000001105,-2.857681219126107e-05,0.0,0.0,0.0,0.0
40,6,101,0.0,0.0,-0.0007100000000000994,-1.2415058243675503e-05,0.0,0.0,0.0,0.0
40,6,202,0.0,0.0,-0.0006900000000000794,-9.517756510035724e-06,0.0,0.0,0.0,0.0
40,6,303,0.0,0.0,-0.0006680000000000019,-1.016018807575847e-05,0.0,0.0,0.0,0.0
40,6,404,0.0,0.0,-0.0007160000000000499,-3.561225284443026e-06,0.0,0.0,0.0,0.0
40,6,505,0.0,0.0,-0.00058400000000014,-5.57131870948524e-06,0.0,0.0,0.0,0.0
40,6,606,0.0,0.0,-0.0006420000000000314,-1.092428737337059e-05,0.0,0.0,0.0,0.0
40,6,707,0.0,0.0,-0.0006740000000000634,2.4418685597993317e-06,0.0,0.0,0.0,0.0
40,6,808,0.0,0.0,-0.0006479999999999819,-2.6886578162077512e-05,0.0,0.0,0.0,0.0
40,6,909,0.0,0.0,-0.0007580000000000364,5.310641384426162e-07,0.0,0.0,0.0,0.0
40,6,1010,0.0,0.0,-0.0006780000000000674,-1.1858136161890798e-05,0.0,0.0,0.0,0.0
40,8,101,0.0,0.0,-0.000680000000000125,-4.428675564582818e-05,0.0,0.0,0.0,0.0
40,8,202,0.0,0.0,-0.0007220000000001114,-1.760598861011431e-05,0.0,0.0,0.0,0.0
40,8,303,0.0,0.0,-0.0007100000000000994,-2.9024331922755664e-05,0.0,0.0,0.0,0.0
40,8,404,0.0,0.0,-0.0006220000000001225,2.7740727048808367e-06,0.0,0.0,0.0,0.0
40,8,505,0.0,0.0,-0.0006100000000001105,4.372976128763639e-06,0.0,0.0,0.0,0.0
40,8,606,0.0,0.0,-0.0007000000000000339,-3.682862040221835e-05,0.0,0.0,0.0,0.0
40,8,707,0.0,0.0,-0.0006320000000000769,-4.330733562341038e-05,0.0,0.0,0.0,0.0
40,8,808,0.0,0.0,-0.000576000000000132,-5.599339239381607e-06,0.0,0.0,0.0,0.0
40,8,909,0.0,0.0,-0.0006620000000000514,-2.3164238896811185e-05,0.0,0.0,0.0,0.0
40,8,1010,0.0,0.0,-0.0005620000000000624,-3.739479836895043e-07,0.0,0.0,0.0,0.0
40,10,101,0.0,0.0,-0.0006460000000000354,-2.8628742022362985e-05,0.0,0.0,0.0,0.0
40,10,202,0.0,0.0,-0.0006580000000000474,-7.680815025423726e-05,0.0,0.0,0.0,0.0
40,10,303,0.0,0.0,-0.000672000000000117,-7.832414858910397e-06,0.0,0.0,0.0,0.0
40,10,404,0.0,0.0,-0.0005980000000000985,-1.6639079653657518e-05,0.0,0.0,0.0,0.0
40,10,505,0.0,0.0,-0.0007000000000000339,1.6758854641807375e-06,0.0,0.0,0.0,0.0
40,10,606,0.0,0.0,-0.0006460000000000354,-4.227722307348358e-06,0.0,0.0,0.0,0.0
40,10,707,0.0,0.0,-0.000716000000000161,1.6455608076171302e-06,0.0,0.0,0.0,0.0
40,10,808,0.0,0.0,-0.0006820000000001825,-3.0672429325306894e-05,0.0,0.0,0.0,0.0
40,10,909,0.0,0.0,-0.0006820000000001825,-6.598106331523468e-06,0.0,0.0,0.0,0.0
40,10,1010,0.0,0.0,-0.0006580000000001585,-1.9249717432501257e-05,0.0,0.0,0.0,0.0
50,4,101,0.0,0.0,-0.0004050000000000997,-9.210204297005475e-07,0.0,0.0004387385999063964,0.0004985245281279999,0.0
50,4,202,0.0,0.0,-0.0003500000000000725,4.2617237738795666e-07,0.0,0.0003162163984239963,-6.245852411930486e-05,0.0
50,4,303,0.0,0.0,-0.0004250000000000087,-4.038419028518092e-06,0.0,0.00039808842633569375,-1.5815545120895225e-05,-0.0010000000000000009
50,4,404,0.0,0.0,-0.00039000000000000146,-4.045931468965591e-06,0.0,0.0001705657943606026,0.0003434188497888069,0.0010000000000000009
50,4,505,0.0,0.0,-0.0002700000000001035,-5.226627152410401e-06,0.0,0.0001421765379905071,0.00021603931602330595,0.0
50,4,606,0.0,0.0,-0.00030999999999992145,-3.6777240168817116e-06,0.0,-0.00012770227401799616,-2.529456890670856e-05,0.0
50,4,707,0.0,0.0,-0.0004575000000001106,-1.1131774684258744e-06,0.0,6.208787350850398e-05,-0.0002853289192404074,0.0
50,4,808,0.0,0.0,-0.0003975000000000506,-1.8253057092465497e-06,0.0,0.00019988031810969087,-7.965470966120325e-05,0.0
50,4,909,0.0,0.0,-0.00041000000000002146,-2.1042237108304107e-07,0.0,0.0002920388793281048,0.00013277845600880023,-0.00024999999999997247
50,4,1010,0.0,0.0,-0.0004175000000000706,-5.082499761499548e-06,0.0,-0.00014061296790589262,-4.442777235269535e-05,-0.00024999999999997247
50,6,101,0.0,0.0,-0.0004175000000000706,-5.226627507681769e-06,0.0,-1.587796046359502e-05,-0.0002478352588528021,0.0001666666666666483
50,6,202,0.0,0.0,-0.0003450000000000397,-2.6855821388949153e-06,0.0,4.6187704409200725e-05,-7.1298744128978075e-06,0.0003333333333332966
50,6,303,0.0,0.0,-0.0002975000000000616,-4.470954579005593e-06,0.0,-9.773796443840466e-05,-0.00012859188717009862,0.000500000000000056
50,6,404,0.0,0.0,-0.0004775000000001306,2.0827006821377836e-06,0.0,-9.106238114000437e-05,-7.487055019249345e-05,0.0
50,6,505,0.0,0.0,-0.0003250000000000197,2.1861414793988843e-06,0.0,4.0607563439702676e-05,-4.638539683030074e-05,0.0
50,6,606,0.0,0.0,-0.00019750000000007262,3.2421971525309345e-06,0.0,-0.0003814005802499007,0.00020318081419209988,0.00033333333333340764
50,6,707,0.0,0.0,-0.0003975000000000506,2.5032137003222488e-06,0.0,0.00026526429076739744,-2.814857932920134e-05,0.0
50,6,808,0.0,0.0,-0.0004775000000001306,-2.6626399858287186e-06,0.0,0.00019304068525859835,-1.4012469943952555e-06,-0.0001666666666666483
50,6,909,0.0,0.0,-0.0003500000000000725,-3.8096543804044813e-06,0.0,-8.047032263179543e-05,2.4185248369598678e-05,-0.000500000000000056
50,6,1010,0.0,0.0,-0.0003575000000001216,-4.149127043717726e-06,0.0,-0.00015644759275380143,-6.859241414880479e-05,0.00016666666666675933
50,8,101,0.0,0.0,-0.0002775000000000416,3.6678044068594318e-06,0.0,8.56005277589944e-06,-2.3857260408800818e-05,0.0
50,8,202,0.0,0.0,-0.0005450000000001287,3.8139013938121025e-06,0.0,1.255375367194278e-06,-4.191377039219901e-05,0.00012499999999993072
50,8,303,0.0,0.0,-0.0005250000000001087,2.5705097073114302e-06,0.0,9.52775083555013e-05,-1.0988455290898702e-05,0.00012499999999993072
50,8,404,0.0,0.0,-0.0004175000000000706,1.4962662291395645e-06,0.0,7.966347323409839e-05,-4.286167277101072e-06,0.0
50,8,505,0.0,0.0,-0.0003300000000000525,-3.6045185822786152e-06,0.0,4.855491239189741e-05,-7.267938454919715e-05,0.0
50,8,606,0.0,0.0,-0.00038250000000006334,-6.991714229798163e-08,0.0,-8.536438552100845e-06,-2.0766274391695316e-05,0.0
50,8,707,0.0,0.0,-0.0005574999999999886,-2.818425016926085e-06,0.0,0.00012297555002559885,3.4516010524503205e-05,0.00012499999999993072
50,8,808,0.0,0.0,-0.0005100000000000104,2.888607404827326e-06,0.0,6.463759841029981e-05,7.834104060390479e-05,0.0
50,8,909,0.0,0.0,-0.0004050000000000997,-2.855038395921383e-06,0.0,-0.00018910367791150073,3.791609514303129e-06,-0.00024999999999997247
50,8,1010,0.0,0.0,-0.0004300000000001525,3.992789579854161e-06,0.0,1.68698985667029e-05,1.3703371342599358e-05,0.0
50,10,101,0.0,0.0,-0.0003824999999999523,-1.8709003128947188e-06,0.0,3.1166072867502836e-05,4.0384762642297484e-05,-0.00019999999999997797
50,10,202,0.0,0.0,-0.00040250000000008335,1.6969976073255566e-06,0.0,-2.017420170988271e-07,2.807027435010323e-05,0.0
50,10,303,0.0,0.0,-0.0003500000000000725,2.36277717391431e-06,0.0,-5.573730085597917e-06,3.139205398990097e-05,0.00019999999999997797
50,10,404,0.0,0.0,-0.0005775000000001196,2.9746987735279617e-06,0.0,5.703686324259882e-05,6.688893741002566e-06,0.0
50,10,505,0.0,0.0,-0.00048250000000005233,8.317251172229589e-07,0.0,1.5646918282298528e-05,-1.1824051844099015e-05,0.0
50,10,606,0.0,0.0,-0.0003500000000000725,3.6669254299681597e-06,0.0,1.3518877166794618e-05,4.9439291015196396e-05,0.0
50,10,707,0.0,0.0,-0.0004100000000001325,2.8413152719508616e-06,0.0,-0.0001426731629366046,0.0001726954494339003,0.0005999999999999339
50,10,808,0.0,0.0,-0.0005175000000000596,-6.992723129428668e-07,0.0,-1.5514803063599453e-05,6.978210032249771e-05,0.0
50,10,909,0.0,0.0,-0.00048500000000017973,2.5428418624073856e-06,0.0,-2.5257656507099435e-05,-2.346264452729452e-05,0.0
50,10,1010,0.0,0.0,-0.0005550000000000832,-1.3090680539562527e-07,0.0,0.00013743628024139726,4.415988689789735e-05,-9.999999999998899e-05
60,4,101,0.0,0.0,-0.0003885714285714048,-0.0008326352256773362,0.0,6.993131113100515e-05,-4.602478179488445e-05,0.0
60,4,202,0.0,0.0,-0.0003571428571429447,-0.0009448856103446701,0.0,3.558248572510525e-05,6.995931685405132e-06,0.0
60,4,303,0.0,0.0,-0.00037285714285717475,-0.0014278755938832433,0.0,-2.716392853530092e-05,5.831660285587903e-06,0.0
60,4,404,0.0,0.0,-0.0003700000000000925,-0.004443250828892076,0.0,-1.4524402538101944e-05,2.858131737171199e-05,0.0002500000000000835
60,4,505,0.0,0.0,-0.00033857142857152134,0.00019336621181764713,0.0,0.00012820836236637767,5.387588627847606e-05,0.0
60,4,606,0.0,0.0,-0.00036285714285722026,-0.0035872670118806127,0.0,2.3893166840510682e-05,-4.945577627391007e-05,0.0
60,4,707,0.0,0.0,-0.0002957142857145101,-0.004443250828892076,0.0,-2.1277904480199172e-05,-8.394087693830432e-05,0.0
60,4,808,0.0,0.0,-0.00031571428571441906,-0.004443250828892076,0.0,-2.31880062827039e-05,-0.00010684508332520215,0.0
60,4,909,0.0,0.0,-0.0003471428571428792,-0.004443250828892076,0.0,5.432221261872372e-05,-1.1323312109401407e-05,0.0
60,4,1010,0.0,0.0,-0.0003442857142857969,-0.0020462908827809656,0.0,3.3909160345790834e-05,1.3559125328410637e-05,0.0
60,6,101,0.0,0.0,-0.000400000000000178,-0.004443250828877865,0.0,4.627187470407357e-06,8.242629379040523e-07,0.0
60,6,202,0.0,0.0,-0.00034142857142871463,-0.004443250828892076,0.0,0.00013595571052689437,1.3565994186309771e-05,0.0
60,6,303,0.0,0.0,-0.00033571428571443906,-0.0016572573398931922,0.0,-3.7462656655301574e-05,-7.008295629490346e-05,0.00033333333333340764
60,6,404,0.0,0.0,-0.0004642857142859169,-0.0021604288162322405,0.0,-4.711536181539744e-05,-3.347881299431421e-05,0.0
60,6,505,0.0,0.0,-0.000320000000000098,0.0001450901078854372,0.0,2.5398245925095653e-05,-3.8740358080935344e-06,0.0
60,6,606,0.0,0.0,-0.00038000000000004697,0.00010557888557372053,0.0,-8.450364905139562e-05,-7.219856450210727e-05,0.0
60,6,707,0.0,0.0,-0.0004142857142859224,-0.002807891402056839,0.0,-2.4627279212041664e-06,-7.143612128390764e-06,-0.0001666666666666483
60,6,808,0.0,0.0,-0.0003842857142858369,-0.0027495580142371523,0.0,8.04417382121031e-05,4.508718270310186e-05,-0.0001666666666666483
60,6,909,0.0,0.0,-0.0004742857142857604,-0.0024902341917325543,0.0,2.2219214505500573e-05,-3.5718060643064042e-06,0.0
60,6,1010,0.0,0.0,-0.0003500000000000725,-0.0018047387000237336,0.0,2.6276098043925833e-06,-4.609690480208983e-05,0.0
60,8,101,0.0,0.0,-0.00045285714285725476,-0.0007610930694355034,0.0,-4.35412121396056e-05,-1.030328672368963e-05,0.0
60,8,202,0.0,0.0,-0.0004342857142858314,-0.0019221939130531496,0.0,-6.132431731510624e-05,-1.5187044630798896e-05,0.0
60,8,303,0.0,0.0,-0.00045285714285725476,-0.0003752070698226362,0.0,-6.613826762300046e-06,2.179145142097716e-06,0.0
60,8,404,0.0,0.0,-0.0004371428571430247,-0.0017453692404316712,0.0,-9.227653361004728e-06,-5.698747886899447e-05,0.0
60,8,505,0.0,0.0,-0.0003700000000000925,-0.002499068310598318,0.0,0.0,0.0,0.0
60,8,606,0.0,0.0,-0.00047857142857155033,-0.004443250828892076,0.0,-6.786450673604283e-06,1.2436067075599633e-05,0.0
60,8,707,0.0,0.0,-0.0004171428571431157,-0.0013600805366067448,0.0,7.370205259001061e-05,-1.983897858660877e-05,0.00012500000000004174
60,8,808,0.0,0.0,-0.0004071428571430502,-0.001728893925161401,0.0,8.379377343700756e-06,3.591725751900254e-05,0.0
60,8,909,0.0,0.0,-0.00043142857142874913,-0.00100129224193779,0.0,-3.27795769358985e-05,-1.5583721169692977e-05,0.0
60,8,1010,0.0,0.0,-0.00042571428571447356,-0.0019302652080668281,0.0,-6.974973903199622e-05,-1.0205405499813525e-05,0.00012500000000004174
60,10,101,0.0,0.0,-0.0004171428571430047,-0.0031288579016788276,0.0,6.387624733039665e-07,-2.01861993491953e-05,0.0
60,10,202,0.0,0.0,-0.0004028571428573713,-0.001017117784186894,0.0,3.5045337574979296e-06,-4.9785481449099445e-05,0.0
60,10,303,0.0,0.0,-0.0004542857142858514,0.00016258434549598633,0.0,-8.890334973400693e-06,-1.7721653169933127e-07,0.0
60,10,404,0.0,0.0,-0.0003871428571429192,-0.00017626170117068796,0.0,-5.1587542393802255e-05,-4.6995351404302554e-05,0.0
60,10,505,0.0,0.0,-0.0004714285714286781,-3.9279539983283485e-05,0.0,-2.0935328442397982e-05,-2.309172620519606e-05,0.0
60,10,606,0.0,0.0,-0.0004900000000001015,-0.0033879343414824348,0.0,1.9373999544304576e-05,-3.468086311210483e-05,-9.999999999998899e-05
60,10,707,0.0,0.0,-0.0004328571428573458,-0.00033188890472501953,0.0,1.240731209620205e-05,-2.4084963045400976e-05,0.00019999999999997797
60,10,808,0.0,0.0,-0.0004928571428572948,-0.00121317927349196,0.0,2.9811164038592852e-05,2.3137060666894582e-05,0.0
60,10,909,0.0,0.0,-0.0004714285714286781,-0.0017901934160775568,0.0,4.404260282719896e-05,2.353270687691089e-06,-9.999999999998899e-05
60,10,1010,0.0,0.0,-0.0004300000000001525,0.00014435514923860637,0.0,-4.645530844893386e-06,1.826566670388996e-05,0.0
80,4,101,0.0,0.0,-0.00040300000000015324,-4.4312349807285045e-05,0.0,0.0,0.0,0.0
80,4,202,0.0,0.0,-0.00035900000000010923,4.633769307815783e-06,0.0,0.0,0.0,0.0
80,4,303,0.0,0.0,-0.00040400000000007097,4.185600232631259e-06,0.0,0.0,0.0,0.0
80,4,404,0.0,0.0,-0.0003500000000000725,5.7335553762527525e-06,0.0,0.0,0.0,0.0
80,4,505,0.0,0.0,-0.00032100000000012674,5.322316312117437e-06,0.0,0.0,0.0,0.0
80,4,606,0.0,0.0,-0.00032900000000013474,1.5229034033836797e-06,0.0,0.0,0.0,0.0
80,4,707,0.0,0.0,-0.0003500000000000725,-2.903753140515164e-05,0.0,0.0,0.0,0.0
80,4,808,0.0,0.0,-0.000316000000000094,4.412963733102515e-06,0.0,0.0,0.0,0.0
80,4,909,0.0,0.0,-0.00034300000000009323,4.174306724280541e-06,0.0,0.0,0.0,0.0
80,4,1010,0.0,0.0,-0.00032700000000018825,6.028040480998698e-06,0.0,0.0,0.0,0.0
80,6,101,0.0,0.0,-0.0003687500000000288,0.00016253773546992534,0.0,0.0,0.0,0.0
80,6,202,0.0,0.0,-0.0003750000000000142,0.00017116340372069772,0.0,0.0,0.0,0.0
80,6,303,0.0,0.0,-0.00034250000000002334,0.00017099086655747442,0.0,0.0,0.0,0.0
80,6,404,0.0,0.0,-0.00039500000000014523,0.0001591509163461069,0.0,0.0,0.0,0.0
80,6,505,0.0,0.0,-0.00040250000000008335,0.00016360029781026242,0.0,0.0,0.0,0.0
80,6,606,0.0,0.0,-0.0003587500000000743,0.00013104450484746621,0.0,0.0,0.0,0.0
80,6,707,0.0,0.0,-0.00039125000000006516,0.00015461797102034325,0.0,0.0,0.0,0.0
80,6,808,0.0,0.0,-0.00032500000000013074,0.00017035170370860442,0.0,0.0,0.0,0.0
80,6,909,0.0,0.0,-0.0003862500000000324,0.00017082159311598843,0.0,0.0,0.0,0.0
80,6,1010,0.0,0.0,-0.0003187500000000343,0.0001713456393162005,0.0,0.0,0.0,0.0
80,8,101,0.0,0.0,-0.00037874999999998327,0.00016060711118370818,0.0,0.0,0.0,0.0
80,8,202,0.0,0.0,-0.0003750000000000142,0.00016218927616051815,0.0,0.0,0.0,0.0
80,8,303,0.0,0.0,-0.0003950000000000342,0.0001664070465707823,0.0,0.0,0.0,0.0
80,8,404,0.0,0.0,-0.0003587500000001853,0.0001701589537219661,0.0,0.0,0.0,0.0
80,8,505,0.0,0.0,-0.0003487500000001198,0.00016816009194542403,0.0,0.0,0.0,0.0
80,8,606,0.0,0.0,-0.00036125000000009067,0.00015547779091207303,0.0,0.0,0.0,0.0
80,8,707,0.0,0.0,-0.0003887500000001598,0.00017210512640986053,0.0,0.0,0.0,0.0
80,8,808,0.0,0.0,-0.0003387500000000543,0.00016479348634845792,0.0,0.0,0.0,0.0
80,8,909,0.0,0.0,-0.00033500000000008523,0.00016853361081814455,0.0,0.0,0.0,0.0
80,8,1010,0.0,0.0,-0.0003850000000000797,0.00016479238315980638,0.0,0.0,0.0,0.0
80,10,101,0.0,0.0,-0.00038125000000011067,0.00016822271812344525,0.0,0.0,0.0,0.0
80,10,202,0.0,0.0,-0.00041250000000003784,0.00016984662536856376,0.0,0.0,0.0,0.0
80,10,303,0.0,0.0,-0.00042250000000010335,0.0001690138672785224,0.0,0.0,0.0,0.0
80,10,404,0.0,0.0,-0.0003650000000000597,0.00017372752714805983,0.0,0.0,0.0,0.0
80,10,505,0.0,0.0,-0.00039875000000000327,0.00015626732368900775,0.0,0.0,0.0,0.0
80,10,606,0.0,0.0,-0.00038125000000011067,0.00016383517369433775,0.0,0.0,0.0,0.0
80,10,707,0.0,0.0,-0.0003787500000000943,0.00016170953254146525,0.0,0.0,0.0,0.0
80,10,808,0.0,0.0,-0.0003750000000000142,0.00014547870355841042,0.0,0.0,0.0,0.0
80,10,909,0.0,0.0,-0.00037249999999999783,0.00016532269614799588,0.0,0.0,0.0,0.0
80,10,1010,0.0,0.0,-0.00038500000000019075,0.00014923125637267276,0.0,0.0,0.0,0.0
100,4,101,0.0,0.0,-0.0003964285714277427,0.0001028823389219724,0.0,0.0009346175515790867,0.0002221285584770305,0.0
100,4,202,0.0,0.0,-5.142857142992341e-05,0.00022012140460958562,0.0,-0.0009061465247824918,0.0001447302686083951,0.0
100,4,303,0.0,0.0,0.0001678571428554987,5.559267269461543e-05,0.0,0.0006070656387988094,0.0005347817941088184,0.0
100,4,404,0.0,0.0,-0.000272857142858296,-1.4751294521886393e-05,0.0,-0.0005356140404121912,-7.312242587831363e-05,0.0017500000000000016
100,4,505,0.0,0.0,-0.0001521428571436001,0.0002738564894713136,0.0,-0.0006862562393608052,-0.0003817058632542558,0.0
100,4,606,0.0,0.0,-0.00032785714285787915,6.017423667969979e-05,0.0,-0.00024350515733062572,0.0001047432128334913,0.0
100,4,707,0.0,0.0,-0.0002785714285713503,-3.753226570069046e-05,0.0,-0.0006869168941174841,-3.8328226612316385e-05,0.0
100,4,808,0.0,0.0,0.00034142857142571703,1.3353702982499271e-05,0.0,-0.0007786845694841005,-0.0002365119467433452,0.0
100,4,909,0.0,0.0,1.0714285712976057e-05,-2.660392384257193e-05,0.0,-0.000764891864513173,0.0001335305959396793,0.0007500000000000007
100,4,1010,0.0,0.0,-0.0005807142857140457,0.0003438698402149498,0.0,-0.00014019843843632307,-0.0005465275409739512,0.0
100,6,101,0.0,0.0,-0.00029200000000007,8.418127883658144e-06,0.0,-3.68255057837108e-05,-4.580841277371239e-05,-0.0003333333333332966
100,6,202,0.0,0.0,-0.00024999999999997247,1.3170990804667326e-05,0.0,-3.49421640807035e-05,-5.9896440154083574e-06,0.00016666666666675933
100,6,303,0.0,0.0,-0.000260000000000149,7.158470793910965e-07,0.0,-0.00014077763241371333,-2.8924760262505345e-05,0.00033333333333340764
100,6,404,0.0,0.0,-0.0003030000000000532,3.06178998954465e-06,0.0,8.605480842660551e-05,-6.953344766957859e-05,0.00016666666666675933
100,6,505,0.0,0.0,-0.00023899999999998922,2.9703206180897723e-05,0.0,1.2845294445784639e-05,6.683398654810935e-06,0.0
100,6,606,0.0,0.0,-0.00024100000000004673,1.3849189102188575e-05,0.0,-8.178223089172487e-05,-0.00012292507947200826,0.0008333333333333526
100,6,707,0.0,0.0,-0.0003009999999999957,3.338062684576926e-05,0.0,9.742011524208061e-05,5.7258798752679585e-05,0.0
100,6,808,0.0,0.0,-0.00028100000000008674,2.7634572461465723e-06,0.0,-9.340732556339937e-05,2.1252246082098525e-05,0.0
100,6,909,0.0,0.0,-0.000276000000000054,4.503759214458114e-06,0.0,-0.0002506958826189176,-0.0001242988510350984,-0.0003333333333332966
100,6,1010,0.0,0.0,-0.00023100000000009224,2.2848881684467415e-05,0.0,6.302017934389781e-05,4.217478698920196e-05,0.0
100,8,101,0.0,0.0,-0.00025200000000003,2.0968748771110768e-05,0.0,-0.00017473764955580617,-2.2893903100201785e-05,0.00024999999999997247
100,8,202,0.0,0.0,-0.0003030000000000532,-0.0002714349770371882,0.0,6.093186760400271e-05,5.280434445809057e-06,0.00012500000000004174
100,8,303,0.0,0.0,-0.0002660000000000995,5.330751861265526e-06,0.0,2.4298812866405117e-05,-0.0001255094872252005,0.00012500000000004174
100,8,404,0.0,0.0,-0.0002870000000000372,3.072012506777355e-05,0.0,0.00023051694008129064,8.273539239211924e-06,-0.00024999999999997247
100,8,505,0.0,0.0,-0.00023600000000001398,-0.0001701427299565239,0.0,-7.931606120406554e-06,-5.441680883139233e-05,0.0
100,8,606,0.0,0.0,-0.00029400000000001647,2.378580342110581e-05,0.0,-0.00020583451921350748,-7.997926319297521e-05,0.0
100,8,707,0.0,0.0,-0.00029700000000010274,2.7831167692227154e-05,0.0,-0.00010421220793480068,-0.00017160639202720707,0.0
100,8,808,0.0,0.0,-0.00030799999999997496,5.2981327485213114e-06,0.0,3.258060149770314e-05,-9.555783271930629e-05,-0.00012499999999993072
100,8,909,0.0,0.0,-0.000284000000000062,-1.2493248171097093e-05,0.0,9.950654593379737e-05,2.586640131990725e-05,-0.00024999999999997247
100,8,1010,0.0,0.0,-0.0002870000000000372,-2.5019924478897337e-05,0.0,-2.4099539681396442e-05,-6.820775811100521e-06,-0.00012499999999993072
100,10,101,0.0,0.0,-0.0003020000000001355,2.1364522602596026e-05,0.0,-1.3378739110891935e-05,-1.042280484969682e-05,0.0
100,10,202,0.0,0.0,-0.0002889999999999837,2.2269215293135858e-05,0.0,0.00014447795284409926,3.608211010650009e-05,0.00029999999999996696
100,10,303,0.0,0.0,-0.00033200000000011,2.4197267364911568e-05,0.0,-1.7958500877809924e-05,-1.3868223930110779e-05,0.0
100,10,404,0.0,0.0,-0.0003030000000000532,3.412958896831242e-06,0.0,-6.948078343360642e-05,-7.452985484489305e-05,0.0
100,10,505,0.0,0.0,-0.00028200000000000447,-0.0008369790430649005,0.0,0.0001346232446697987,0.0002483339379301952,0.0
100,10,606,0.0,0.0,-0.000276000000000054,-0.00010724305089127029,0.0,-2.8824378013297958e-05,2.1661630007899224e-05,-9.999999999998899e-05
100,10,707,0.0,0.0,-0.00026300000000012425,1.6309053975760435e-05,0.0,4.644612320997554e-06,-4.280809567969168e-05,-9.999999999998899e-05
100,10,808,0.0,0.0,-0.00029000000000001247,-5.0704244713983826e-05,0.0,-4.256887454269498e-05,1.0056007842401682e-05,0.0
100,10,909,0.0,0.0,-0.0003370000000000317,-0.0004889868265109953,0.0,3.815171128439265e-05,-6.76307740540838e-06,0.00019999999999997797
100,10,1010,0.0,0.0,-0.0002910000000000412,-0.001063535030951357,0.0,-1.0383387211793105e-05,2.194187940690595e-05,-0.00029999999999996696
150,4,101,0.0,0.0,-0.016615843768168936,-3.6378837521056084e-05,0.0,-0.016772549287249305,0.0013654121632030725,-0.0072499999999999926
150,4,202,0.0,0.0,-0.016548123980338447,-4.8645122063817325e-06,0.0,-0.0151479730651633,0.0034226488167581337,-0.006499999999999992
150,4,303,0.0,0.0,-0.015981933974450135,3.764158393693151e-05,0.0,-0.019867024862637195,0.004415607468184812,0.0
150,4,404,0.0,0.0,-0.017565346790804903,-2.2526525036425937e-05,0.0,-0.013768323351072642,0.0036213786110855795,-0.0024999999999999883
150,4,505,0.0,0.0,-0.016516701191009897,-5.559640023022894e-06,0.0,-0.0144390874963925,0.005296888794813048,-0.003249999999999989
150,4,606,0.0,0.0,-0.016606491136513135,-8.548975112177004e-05,0.0,-0.01066685678070789,0.005143709831091248,-0.008250000000000007
150,4,707,0.0,0.0,-0.015519699325997838,-1.871856028401453e-05,0.0,-0.01174587882664202,0.005200563367232736,-0.00424999999999999
150,4,808,0.0,0.0,-0.016647916802851603,6.860710028888661e-05,0.0,-0.013643224112741492,0.0031365162411532976,-0.0040000000000000036
150,4,909,0.0,0.0,-0.0166336891433726,-2.1536598573845822e-05,0.0,-0.011254255155620174,0.005128770065341737,-0.008999999999999994
150,4,1010,0.0,0.0,-0.017243124026897982,-5.032060153098428e-05,0.0,-0.020974204628183557,0.0006132207159367242,-0.0020000000000000018
150,6,101,0.0,0.0,-0.00022822331332938983,0.00012261614139674748,0.0,0.0,0.0,0.0
150,6,202,0.0,0.0,-0.00021954545454527796,0.00012268267114023956,0.0,0.0,0.0,0.0
150,6,303,0.0,0.0,-0.00023872317206208304,-3.4572125748866256e-05,0.0,1.221592363709334e-05,0.0,0.0
150,6,404,0.0,0.0,-0.00022090909090877187,4.451742940858594e-05,0.0,0.0,0.0,0.0
150,6,505,0.0,0.0,-0.00021056940149133396,0.00012275724158428147,0.0,-3.229420129940985e-05,-5.907217721645708e-07,0.0
150,6,606,0.0,0.0,-0.0002250409165299727,7.94260840208949e-05,0.0,0.0,0.0,0.0
150,6,707,0.0,0.0,-0.000212349945434398,9.059231786068267e-05,0.0,0.0,0.0,0.0
150,6,808,0.0,0.0,-0.00021727272727234404,7.000738104068205e-05,0.0,0.0,0.0,0.0
150,6,909,0.0,0.0,-0.00026200873362403065,-1.8629686969973136e-05,0.0,1.8041922017819623e-05,7.725404385450219e-05,0.0
150,6,1010,0.0,0.0,-0.0002222727272723768,6.724394288681879e-05,0.0,0.0,0.0,0.0
150,8,101,0.0,0.0,-0.00020411764705718927,7.893368479727769e-05,0.0,3.812328038041435e-05,6.017119446671826e-05,0.0
150,8,202,0.0,0.0,-5.29411764679244e-05,8.57160755955988e-05,0.0,-8.685200055361109e-05,0.00012223819369033828,0.0
150,8,303,0.0,0.0,-0.00026823529411579283,8.848830993457568e-05,0.0,-0.00013303599149119827,8.572334554091121e-06,0.0
150,8,404,0.0,0.0,-0.00019058823529205515,9.147664509612241e-05,0.0,-4.212581451601416e-05,-1.967412599901408e-05,0.0
150,8,505,0.0,0.0,-0.0001999999999980906,8.692532124854324e-05,0.0,-2.585007946226403e-06,7.991744347268792e-05,0.0
150,8,606,0.0,0.0,-0.0002170588235252957,9.158867133862714e-05,0.0,-0.0004282892887401968,5.7409913624739684e-05,0.0
150,8,707,0.0,0.0,-0.0001911764705865293,7.35195104581976e-05,0.0,9.436951270888616e-05,1.920017480966374e-05,0.0
150,8,808,0.0,0.0,-9.882352940793204e-05,2.6916441768776167e-05,0.0,-0.00014125071183102023,1.3847617356788078e-05,0.0
150,8,909,0.0,0.0,-0.00013764705882168826,8.171364095943545e-05,0.0,-8.833956180101521e-05,2.688127506217386e-05,0.0
150,8,1010,0.0,0.0,-0.00020352941176193795,7.971589827349135e-05,0.0,-0.0001025256878900982,1.091118064039387e-05,0.0
150,10,101,0.0,0.0,0.004927692307681086,5.615965742578055e-05,0.0,-0.0008415014119087932,0.00019199968743950635,0.0
150,10,202,0.0,0.0,-0.00021307692307659387,5.547842677344761e-05,0.0,3.900913619239721e-05,1.676138684218731e-05,0.0
150,10,303,0.0,0.0,-0.00023769230769177252,6.827758837602005e-05,0.0,-1.3981853607597516e-05,2.7888936503905892e-05,0.0
150,10,404,0.0,0.0,-0.0001999999999996449,2.6634251632629002e-05,0.0,3.4705269570389774e-05,1.615967489748682e-05,0.0
150,10,505,0.0,0.0,0.004898461538450305,6.142656578589367e-05,0.0,-0.0013258594255724926,0.00014469935874819595,0.0017000000000000348
150,10,606,0.0,0.0,-0.00020999999999971042,6.639046024048412e-05,0.0,-2.392780496796032e-06,-1.6732537640035128e-06,0.0
150,10,707,0.0,0.0,0.004927692307681086,7.024813820066811e-05,0.0,-0.0014048920651774932,0.00019722963578050479,-0.0016999999999999238
150,10,808,0.0,0.0,-0.00023076923076870148,6.626317671276638e-05,0.0,2.0587381290002038e-05,-6.981507084002914e-06,0.0
150,10,909,0.0,0.0,-0.00022538461538412768,4.949517462193853e-05,0.0,-8.973773093404191e-06,4.602684245227917e-05,0.0
150,10,1010,0.0,0.0,-0.00018384615384570147,6.836532803333739e-05,0.0,-5.153524204459803e-05,-4.977723881971485e-05,0.0
200,4,101,0.0,0.0,-0.011445449974782584,-6.430597494500034e-07,0.0,0.0032678458396547816,0.005498730181730971,0.0012500000000000011
200,4,202,0.0,0.0,-0.012547086890925319,-3.147861728791668e-05,0.0,0.002652368022879492,0.0021598779958970082,0.006999999999999999
200,4,303,0.0,0.0,-0.008787078934058501,1.2560625393120972e-05,0.0,-0.002949379377133965,0.0017639948101108027,0.0049999999999999906
200,4,404,0.0,0.0,-0.011158782083460994,-3.2433724825864374e-06,0.0,0.0017929636464045773,0.003620884053322837,0.0050000000000000044
200,4,505,0.0,0.0,-0.006774598393492037,0.0001634390716276357,0.0,0.0006315423920942864,0.0035053429960029137,0.008000000000000007
200,4,606,0.0,0.0,-0.007051233635372078,1.4778568271367476e-06,0.0,-0.00409033954004584,0.0011786753946220196,0.0010000000000000009
200,4,707,0.0,0.0,-0.007084172118693499,-4.101274573997671e-05,0.0,0.0020008235418144116,-0.00023306034569092748,0.0002500000000000002
200,4,808,0.0,0.0,-0.01193872425908582,1.5103715838904463e-05,0.0,0.002172199146551701,0.004159158661631079,-0.0005000000000000004
200,4,909,0.0,0.0,-0.008756906077273197,2.2729681987243566e-05,0.0,-0.007247703107215175,-0.0007073412401579215,0.00449999999999999
200,4,1010,0.0,0.0,-0.010855957767641367,-3.51610417936854e-06,0.0,0.0027776205579863045,0.00021864604756438588,0.0020000000000000018
200,6,101,0.0,0.0,-0.0059403747869491985,2.959285472314832e-05,0.0,-0.014635607293397412,0.00476149910678747,-0.0043333333333333
200,6,202,0.0,0.0,-0.00655103259931622,5.905688190210867e-05,0.0,-0.013946660481262918,0.0035224533208221276,-0.001833333333333298
200,6,303,0.0,0.0,-0.006617697155405167,5.3118323798173606e-05,0.0,-0.01588394027485268,0.00318881915899194,-0.002833333333333396
200,6,404,0.0,0.0,-0.006678199213975167,2.0919779743167055e-05,0.0,-0.014831243514973447,0.00304339170131529,-0.0008333333333334081
200,6,505,0.0,0.0,-0.006320875737518716,8.112367439139234e-06,0.0,-0.013585997257805404,0.0038480028370031505,-0.0030000000000000027
200,6,606,0.0,0.0,-0.0061699402219310695,1.6808239806209713e-05,0.0,-0.012898732268326496,0.005354570028321404,0.0005000000000000004
200,6,707,0.0,0.0,-0.006417718810084794,3.7839967589547996e-05,0.0,-0.015583799863833514,0.003093527494512971,-0.0011666666666666076
200,6,808,0.0,0.0,-0.0064562649776457315,1.1718245573888453e-05,0.0,-0.013807247651424381,0.0030686278849305637,-0.003833333333333397
200,6,909,0.0,0.0,-0.006905229875133201,-1.5933166039872049e-06,0.0,-0.016172340162313892,0.0028244537272936743,-0.0031666666666666926
200,6,1010,0.0,0.0,-0.006147688356062275,-1.2871668218394916e-05,0.0,-0.014580973290551413,0.004675823843250715,-0.002666666666666609
200,8,101,0.0,0.0,-0.00017931034482798758,2.4313210431614607e-06,0.0,0.00014294101645256907,1.4053683091153069e-05,0.0
200,8,202,0.0,0.0,-0.00015517241379336966,-1.4884749333532454e-05,0.0,1.0209077071332562e-05,9.175076827516726e-06,0.0
200,8,303,0.0,0.0,-0.00011172413793092417,1.5367968913437835e-05,0.0,8.04636379508894e-06,0.0,0.0
200,8,404,0.0,0.0,-0.00015931034482774553,3.367157709988078e-06,0.0,0.0,0.0,0.0
200,8,505,0.0,0.0,-0.00017448275862097518,9.215673166806937e-06,0.0,-6.22141347772498e-07,3.796761157692785e-06,0.0
200,8,606,0.0,0.0,-0.0001268965517235987,1.2112056801072413e-05,0.0,-0.00010779671353938758,-5.264979515806623e-06,0.0
200,8,707,0.0,0.0,-9.793103448196838e-05,9.782196322305481e-06,0.0,-0.00028252822989660586,-6.090787946733123e-05,0.0
200,8,808,0.0,0.0,-9.620689655132075e-05,1.4201134767688472e-05,0.0,-7.891050025465862e-05,1.0766934626094127e-06,0.0
200,8,909,0.0,0.0,-3.5517241378402176e-05,-1.0820737834649208e-05,0.0,2.6226277071161874e-06,-4.507687941579519e-06,0.0
200,8,1010,0.0,0.0,-0.0001655172413790318,1.2472623680537254e-06,0.0,-0.00027638513807387577,-2.8957387336991935e-05,0.0
200,10,101,0.0,0.0,-0.00017079999999991546,6.840106550498604e-06,0.0,0.0,0.0,0.0
200,10,202,0.0,0.0,-0.00015480000000001048,-2.1625315575590776e-05,0.0,0.0,0.0,0.0
200,10,303,0.0,0.0,-0.00015080000000000648,1.005916517726746e-05,0.0,0.0,0.0,0.0
200,10,404,0.0,0.0,-0.00018320000000005,1.5436959515113813e-06,0.0,0.0,0.0,0.0
200,10,505,0.0,0.0,-0.00014599999999986846,1.280788328728022e-05,0.0,0.0,0.0,0.0
200,10,606,0.0,0.0,-0.00014879999999983795,8.471155936717878e-06,0.0,0.0,0.0,0.0
200,10,707,0.0,0.0,-0.00013799999999997148,1.5901163379794525e-05,0.0,0.0,0.0,0.0
200,10,808,0.0,0.0,-0.00014319999999989896,1.3208234776129757e-05,0.0,0.0,0.0,0.0
200,10,909,0.0,0.0,-0.00018359999999995047,-1.2469293658057268e-05,0.0,0.0,0.0,0.0
200,10,1010,0.0,0.0,-0.00014639999999976894,1.5011406631515456e-05,0.0,0.0,0.0,0.0
300,4,101,0.0,0.0,-0.04234749999988063,0.0036642249977063557,0.0,0.0036737030972313067,0.004546943464052378,-0.007000000000000006
300,4,202,0.0,0.0,-0.04174749999988181,0.003734901066550833,0.0,0.0012835181664200834,0.0059448934067291015,-0.004750000000000004
300,4,303,0.0,0.0,-0.04039749999988462,0.003302799476976759,0.0,0.000971711680024967,0.008301316900167999,-0.005250000000000005
300,4,404,0.0,0.0,-0.04099749999988278,0.0037223082145345643,0.0,0.0018070008274703175,0.007241026270001671,-0.0020000000000000018
300,4,505,0.0,0.0,-0.04286812499988013,0.003220295383670191,0.0,0.003612811498238888,0.006895443730000728,-0.009500000000000001
300,4,606,0.0,0.0,-0.03951187499988784,0.0036018632111023408,0.0,0.0004006919724222069,0.006284778229171617,-0.0010000000000000009
300,4,707,0.0,0.0,-0.04134499999988406,0.0036380508287194857,0.0,0.0006266747976221843,0.006058703511879426,-0.003500000000000003
300,4,808,0.0,0.0,-0.04150187499988223,8.111149619338676e-05,0.0,0.001964819971811027,0.004906816662739066,-0.0040000000000000036
300,4,909,0.0,0.0,-0.04313937499987952,0.0031276855807149673,0.0,0.0033749598935562397,0.007043965608123481,-0.007500000000000007
300,4,1010,0.0,0.0,-0.0433631249998786,0.0024784561784088055,0.0,0.0028358701740474057,0.0075937489877020425,-0.005500000000000005
300,6,101,0.0,0.0,-0.005989653431859532,5.642902053182297e-06,0.0,0.00528123234115957,0.0037254692824265634,-0.0021666666666667056
300,6,202,0.0,0.0,-0.00472052824140734,1.0902160518355686e-05,0.0,0.002418142914496546,0.0037303186960446766,0.003833333333333397
300,6,303,0.0,0.0,-0.005189318956989708,2.7465279259786257e-06,0.0,0.001877612256540706,0.00646009895606281,0.0030000000000000027
300,6,404,0.0,0.0,-0.004701077803797249,-1.348630194542011e-05,0.0,0.002500180300839705,0.006624443248164247,-0.0033333333333332993
300,6,505,0.0,0.0,-0.006125841750669436,9.403961882981093e-06,0.0,0.0017680730494671892,0.0028230593491570533,0.0043333333333333
300,6,606,0.0,0.0,-0.0061638999788160564,1.910541996608117e-06,0.0,0.00010266286667809377,0.0035208460080932147,0.0031666666666665955
300,6,707,0.0,0.0,-0.004705634633026867,-8.00689335989091e-06,0.0,0.003531294513894001,0.005374991142607866,0.0015000000000000013
300,6,808,0.0,0.0,-0.0059781052629829246,1.413785490456121e-06,0.0,0.0034796050735715345,0.006078836134137622,0.002666666666666595
300,6,909,0.0,0.0,-0.00586462367384144,2.0809743261906988e-07,0.0,-0.00042356203654869695,-0.0001843395372033152,-0.0006666666666667043
300,6,1010,0.0,0.0,-0.006165971256200553,8.93003532809189e-06,0.0,0.0031561465308742043,0.0028549789314271656,0.0020000000000000018
300,8,101,0.0,0.0,-0.011731944400265704,8.628257300813402e-05,0.0,-0.019300985772454704,0.0030539560046359826,-0.004375000000000004
300,8,202,0.0,0.0,-0.01092188933510918,1.2396753092502877e-05,0.0,-0.01924155251599141,0.0008274981699302186,-0.003124999999999989
300,8,303,0.0,0.0,-0.01130561912005601,6.976755067000795e-06,0.0,-0.01596480864494687,0.004775671277675975,-0.003249999999999989
300,8,404,0.0,0.0,-0.011767955800893737,1.5337364345668902e-05,0.0,-0.019141184718795834,0.002077307456092914,-0.001999999999999988
300,8,505,0.0,0.0,-0.011330792440637394,7.505782235739389e-07,0.0,-0.019216179504018605,0.00444199418548441,-0.005624999999999991
300,8,606,0.0,0.0,-0.012085781808685359,0.00011268377258488727,0.0,-0.01600767930334268,0.003910303377392621,-0.004250000000000004
300,8,707,0.0,0.0,-0.011651983079210781,-1.4449976063701797e-05,0.0,-0.017065874993657137,0.006385910140008444,-0.006875000000000006
300,8,808,0.0,0.0,-0.01215400723375526,2.9281448192364223e-05,0.0,-0.016823484704968805,0.004142822800530577,-0.0036250000000000032
300,8,909,0.0,0.0,-0.011491487668849443,-2.4655801418305145e-05,0.0,-0.019056646770036767,0.004234666298385981,-0.008249999999999993
300,8,1010,0.0,0.0,-0.011891299513778097,-7.96761604533458e-05,0.0,-0.022416642676270193,0.0019379348965810062,-0.00449999999999999
300,10,101,0.0,0.0,-0.004264511201527821,-0.0001732373003520138,0.0,-0.009399788067059711,0.0012291079224774348,-0.000999999999999994
300,10,202,0.0,0.0,-0.0036980988591989172,2.5504974871637387e-05,0.0,-0.009430308366053297,0.002145774857029492,-0.0020999999999999977
300,10,303,0.0,0.0,-0.004096293270581142,0.0003199739275530078,0.0,-0.009256831869237703,0.0013553685193047338,-0.0020000000000000018
300,10,404,0.0,0.0,-0.003793304886610005,-4.1321848335940103e-05,0.0,-0.010186431181229971,0.0015686341905420953,-0.00789999999999999
300,10,505,0.0,0.0,-0.004105852417199518,0.0001843656931868054,0.0,-0.008373565470347732,0.0025267656721852383,0.0
300,10,606,0.0,0.0,-0.0035818501259328173,-8.426529255700643e-06,0.0,-0.009869856721082093,0.0008452033378363311,-0.001999999999999995
300,10,707,0.0,0.0,-0.003379797979692345,8.984963809410829e-05,0.0,-0.007509534507160576,0.0026357414752047337,0.0
300,10,808,0.0,0.0,-0.0034529740720814495,4.393295409244047e-05,0.0,-0.009849555556810496,-0.0004717833777652114,0.0
300,10,909,0.0,0.0,-0.004503715431056987,5.440836879699873e-06,0.0,-0.008297921270160769,4.0108634558166933e-05,0.0
300,10,1010,0.0,0.0,-0.004130976602121361,-0.00010591078444122104,0.0,-0.010653736950386794,0.000997354033543063,-0.0020000000000000018
500,4,101,0.0,0.0,-0.0600999999998606,-4.295991238342971,0.0,0.0038188871878594433,0.009800074200149611,-0.006000000000000005
500,4,202,0.0,0.0,-0.05971999999986144,-3.7741433170395737,0.0,0.0019973962908118037,0.008040767385498082,-0.0020000000000000018
500,4,303,0.0,0.0,-0.057899999999865503,-3.7671798307710276,0.0,0.0009777274032733985,0.007393556126659817,-0.0020000000000000018
500,4,404,0.0,0.0,-0.05975999999986159,-5.208066685087992,0.0,0.004324654822045471,0.009800733610499934,-0.006000000000000005
500,4,505,0.0,0.0,-0.06111999999985862,-4.351588106741403,0.0,0.0020105742846022734,0.008015297660717069,-0.008
500,4,606,0.0,0.0,-0.05771999999986588,-3.866537653668381,0.0,0.0028267859694126596,0.009621950979269656,0.0
500,4,707,0.0,0.0,-0.05915999999986277,-4.638764483950126,0.0,0.0012701401632699283,0.008327940593062078,-0.0020000000000000018
500,4,808,0.0,0.0,-0.057559999999866274,-3.447939039963586,0.0,0.00016109617322979108,0.007520492619096264,-0.0020000000000000018
500,4,909,0.0,0.0,-0.059579999999861855,-4.302476761761277,0.0,0.0018858108798223694,0.009018508082433874,-0.006000000000000005
500,4,1010,0.0,0.0,-0.06177999999985695,-4.278690050050436,0.0,0.002500637289130414,0.011544626708212768,-0.0040000000000000036
500,6,101,0.0,0.0,-0.046865833333330165,-0.008012843897923005,0.0,0.0022221898116930316,0.006362162781324732,-0.004333333333333404
500,6,202,0.0,0.0,-0.047892916666665064,-0.0019479565270401622,0.0,0.0011891400436562227,0.006404000994280956,-0.0040000000000000036
500,6,303,0.0,0.0,-0.04773958333333583,-0.0006671084329070709,0.0,0.002677901952430728,0.007186590571811258,-0.0006666666666665932
500,6,404,0.0,0.0,-0.04770000000000074,-0.437215003483864,0.0,0.004607652126125683,0.008280428703550169,-0.0031666666666667065
500,6,505,0.0,0.0,-0.04683750000000009,-0.046154132141460025,0.0,0.0018725737277471843,0.0075319910870799145,-0.003999999999999997
500,6,606,0.0,0.0,-0.04537124999998954,-0.002666616380416542,0.0,0.0011359395502705816,0.0060417992527946884,-0.0033333333333332993
500,6,707,0.0,0.0,-0.04574041666666262,-0.022163624934613324,0.0,0.002796979671436828,0.008146657697586934,-0.0021666666666666917
500,6,808,0.0,0.0,-0.04608374999998943,-0.0118386126136798,0.0,0.000308017305000019,0.005455487287351457,-0.0020000000000000018
500,6,909,0.0,0.0,-0.04748833333332425,-0.0029255939460099967,0.0,0.0037267740779385328,0.00720420232325103,-0.004666666666666701
500,6,1010,0.0,0.0,-0.04825249999999759,-0.011689806699969552,0.0,0.0022637647471606126,0.007799196524973406,-0.0040000000000000036
500,8,101,0.0,0.0,-0.020315937499819636,7.207655217911224e-05,0.0,0.0029395061774226128,0.008488795505393165,-0.0050000000000000044
500,8,202,0.0,0.0,-0.018834062499815896,-8.141442007314481e-05,0.0,0.002370699597094794,0.006717495664995132,-0.004750000000000004
500,8,303,0.0,0.0,-0.017863437499808454,2.751285384761104e-05,0.0,0.0041537633270415375,0.007691619908290814,0.0020000000000000018
500,8,404,0.0,0.0,-0.019608437499818776,-0.00016308611732540612,0.0,0.004298668177712628,0.009165221733736573,-0.002250000000000002
500,8,505,0.0,0.0,-0.01960124999980839,-0.0001508334667192912,0.0,0.005159210461645469,0.00526278491575749,-0.004875000000000004
500,8,606,0.0,0.0,-0.018808749999816188,6.572895019019143e-05,0.0,0.004311639886880714,0.009739089046031824,-0.0051250000000000046
500,8,707,0.0,0.0,-0.01921249999981356,-1.3990319231993453e-06,0.0,0.0021187012516020176,0.0066510497689138415,-0.0037500000000000033
500,8,808,0.0,0.0,-0.017468124999805212,0.00016223514978719322,0.0,0.005096346938976759,0.005296476663344096,-0.0050000000000000044
500,8,909,0.0,0.0,-0.019929687499815718,1.5721931788448273e-05,0.0,0.003013608007936708,0.005211088174621126,-0.0020000000000000018
500,8,1010,0.0,0.0,-0.02087812499981645,2.2581942644706032e-06,0.0,0.005549204074754399,0.008730113935393136,-0.006000000000000005
500,10,101,0.0,0.0,-0.0036386363632782137,1.9899092109199046e-05,0.0,0.006771090544876679,0.005807175555064825,0.003699999999999995
500,10,202,0.0,0.0,-0.004073521980442196,0.00022318624341721716,0.0,0.00022314660602401615,0.0005249813077772281,0.0049999999999999906
500,10,303,0.0,0.0,-0.004046969696589242,6.386419417481193e-05,0.0,-5.711713361661319e-05,0.008761622416522896,0.009800000000000003
500,10,404,0.0,0.0,-0.004780697321500105,8.770834745774891e-05,0.0,-0.000706125197662888,0.003619177829041531,-0.0021999999999999936
500,10,505,0.0,0.0,-0.0026016649844773365,-2.735658459585011e-05,0.0,0.0016206431118324094,0.005593786244386889,0.003799999999999998
500,10,606,0.0,0.0,-0.003654370894018766,6.849902934646934e-05,0.0,0.0026425862580315984,0.005420159377833134,0.006099999999999994
500,10,707,0.0,0.0,-0.00287043610511295,3.838293724811592e-05,0.0,-0.001065767753236413,0.0010927995604370633,-0.0029
500,10,808,0.0,0.0,-0.003454797979421609,1.843888992425491e-05,0.0,0.007916266782041992,0.009148857023433155,0.003799999999999998
500,10,909,0.0,0.0,-0.004065942394788857,1.8134435940453386e-05,0.0,0.0012451445351159274,0.00369769299519096,0.0
500,10,1010,0.0,0.0,-0.0038273417717730185,3.451016844735477e-06,0.0,0.0037809821567106883,0.0066854442006549775,0.001999999999999988
750,4,101,0.0,0.0,-0.05679999999986807,-5.339864302841512,0.0,0.002079815388017936,0.0069454043673241594,-0.0040000000000000036
750,4,202,0.0,0.0,-0.05939999999986245,-4.56768103771563,0.0,0.0020495454063104712,0.007634240904526357,-0.0020000000000000018
750,4,303,0.0,0.0,-0.056439999999868706,-5.328459944847268,0.0,0.0006472869558885042,0.005956783399608145,0.0
750,4,404,0.0,0.0,-0.0594799999998622,-4.807720772374857,0.0,0.002312287214029707,0.007368086401878804,-0.0020000000000000018
750,4,505,0.0,0.0,-0.05967999999986151,-4.651525479274753,0.0,0.002906985888662006,0.005178926465112976,-0.0040000000000000036
750,4,606,0.0,0.0,-0.05571999999987043,-3.8577441637685297,0.0,0.004865526599027281,0.009563840442147864,-0.006000000000000005
750,4,707,0.0,0.0,-0.05665999999986837,-3.49516268673608,0.0,0.0028046892413131075,0.007912099940892148,0.0
750,4,808,0.0,0.0,-0.05805999999986555,-4.659398731542879,0.0,0.0006234495933654105,0.006364381422399257,-0.0020000000000000018
750,4,909,0.0,0.0,-0.055119999999871494,-2.7998466987653856,0.0,0.0024444630159792813,0.006744036931595532,0.0
750,4,1010,0.0,0.0,-0.057899999999865615,-2.803736797730892,0.0,0.002189472714830387,0.006322756144035324,-0.0020000000000000018
750,6,101,0.0,0.0,-0.042328749999957616,-0.3196429445554827,0.0,0.003262141373053029,0.0067564008756639815,-0.001833333333333298
750,6,202,0.0,0.0,-0.0401895833332947,-0.013186335953797368,0.0,0.004123513096076892,0.007518184682870133,-0.006666666666666703
750,6,303,0.0,0.0,-0.042024999999969004,-0.4984459680392064,0.0,0.0030193434934008834,0.006625810150869493,-0.0006666666666665932
750,6,404,0.0,0.0,-0.0398329166666237,-0.003141001179024272,0.0,0.00371695829189278,0.006295878303402058,-0.002666666666666692
750,6,505,0.0,0.0,-0.038515416666616065,-0.00585326299275124,0.0,0.004592414993769833,0.008185205727649358,-0.006333333333333302
750,6,606,0.0,0.0,-0.04035791666662247,-0.01464110139139052,0.0,0.003937492650317287,0.008131305800368471,-0.004500000000000004
750,6,707,0.0,0.0,-0.03960916666662273,-0.0006961539375680559,0.0,0.0033326395048204893,0.0067544913331911705,-0.002666666666666595
750,6,808,0.0,0.0,-0.04110791666663349,-0.16995959789365145,0.0,0.005770365864942895,0.008001910256834055,-0.0033333333333332993
750,6,909,0.0,0.0,-0.040039583333290274,-0.01246941434288118,0.0,0.003969855051708604,0.0060749758360451045,-0.004666666666666597
750,6,1010,0.0,0.0,-0.03923541666661845,-0.3875231858550592,0.0,0.003447115986580873,0.008397446565300504,-0.0033333333333332923
750,8,101,0.0,0.0,-0.045082500000022674,-0.09021738730666584,0.0,0.003791188513783794,0.009433235979637744,-0.0040000000000000036
750,8,202,0.0,0.0,-0.04388687500002009,-0.007381435323608798,0.0,0.0016979215250317314,0.007263976841178854,-0.0050000000000000044
750,8,303,0.0,0.0,-0.04323875000002109,-0.0009618128967545658,0.0,0.002576822882269403,0.006099720896326599,-0.0030000000000000027
750,8,404,0.0,0.0,-0.04287031250002227,-0.008379017704143621,0.0,0.004070245202690004,0.00744673654108452,-0.0051250000000000046
750,8,505,0.0,0.0,-0.044552500000027306,-0.02370290699889921,0.0,0.003469237312285489,0.008419001041126584,-0.0050000000000000044
750,8,606,0.0,0.0,-0.04328781250001934,-0.004440454903637203,0.0,0.0026506430957308202,0.0065600614438563465,-0.0051250000000000046
750,8,707,0.0,0.0,-0.044005312500027594,-0.011287809871461718,0.0,0.003920692272733506,0.008363358141175059,-0.007875000000000007
750,8,808,0.0,0.0,-0.04213468750001992,-0.0004543203995481804,0.0,0.00243691789245698,0.005456069423051435,-0.002125000000000002
750,8,909,0.0,0.0,-0.04194875000001386,-0.004113414369257384,0.0,-0.00011877402313714702,0.006309037317762667,-0.0051250000000000046
750,8,1010,0.0,0.0,-0.04566625000004343,-0.006627072684956659,0.0,0.003451582156562605,0.007819664004050098,-0.004125000000000004
750,10,101,0.0,0.0,-0.041057999999931205,-0.0005362792028478225,0.0,0.002626890463242937,0.0067101762101065,-0.0021000000000000046
750,10,202,0.0,0.0,-0.04097949999992612,-0.001807596470989381,0.0,0.0006512612135535778,0.006650202838745067,-0.006000000000000005
750,10,303,0.0,0.0,-0.041988249999932004,-0.003163732136265196,0.0,0.004032338510801536,0.007691374690066866,-0.00010000000000000286
750,10,404,0.0,0.0,-0.03707399999993055,-0.0010195344329702039,0.0,0.0011206027292364196,0.005365997060183814,-0.004100000000000006
750,10,505,0.0,0.0,-0.040775749999931166,3.5439585928997985e-05,0.0,0.004699897308533485,0.01192110468378349,-0.0059000000000000025
750,10,606,0.0,0.0,-0.04107799999993422,-0.0005161942974041267,0.0,0.002435756359977892,0.009920424831712293,-0.0039000000000000007
750,10,707,0.0,0.0,-0.03616099999993072,-0.001590057201781292,0.0,-0.0003629337554719725,0.007114238144893981,-0.0040000000000000036
750,10,808,0.0,0.0,-0.04087799999993036,-2.254557217185038e-05,0.0,0.0030543797426885733,0.004602931524109177,-0.0030000000000000027
750,10,909,0.0,0.0,-0.038284749999915046,-0.00013901921271042283,0.0,9.761089233284448e-06,0.00577651709508975,-0.0039000000000000007
750,10,1010,0.0,0.0,-0.039563499999929586,-4.1931343595535964e-05,0.0,-0.0008793652129300833,0.003975700398885618,-0.002799999999999997
1000,4,101,0.0,0.0,-0.059499999999861886,-2.4403279746269106,0.0,0.004513561749253825,0.009034910914898053,-0.006000000000000005
1000,4,202,0.0,0.0,-0.058239999999864844,-2.665638399527303,0.0,0.0014445183131975847,0.006681475374608947,-0.006000000000000005
1000,4,303,0.0,0.0,-0.05697999999986758,-2.437865922426063,0.0,0.003690920360011396,0.008570273896804426,-0.0020000000000000018
1000,4,404,0.0,0.0,-0.058519999999864236,-2.312494353854632,0.0,0.0046719721773360035,0.007594593857213394,-0.006000000000000005
1000,4,505,0.0,0.0,-0.06145999999985763,-2.6050938187074877,0.0,0.0042510588516812,0.008893879526223558,-0.008
1000,4,606,0.0,0.0,-0.05837999999986421,-2.1600179162475825,0.0,0.0029444962290235965,0.007194331774569629,-0.006000000000000005
1000,4,707,0.0,0.0,-0.05949999999986211,-2.47622173595267,0.0,0.0031178286868673855,0.00785687432405291,-0.006000000000000005
1000,4,808,0.0,0.0,-0.05809999999986526,-2.3103453311909448,0.0,0.0037477521601478325,0.007354238784522127,-0.006000000000000005
1000,4,909,0.0,0.0,-0.05697999999986769,-2.2678056590641233,0.0,0.002149357978910915,0.005579518252931792,-0.006000000000000005
1000,4,1010,0.0,0.0,-0.05935999999986208,-2.494568800226091,0.0,0.005405822611465383,0.009232569167406224,-0.006000000000000005
1000,6,101,0.0,0.0,-0.06106666666672389,-5.919705540445044,0.0,0.0034119252222895025,0.010055678137192103,-0.004666666666666701
1000,6,202,0.0,0.0,-0.05948000000005915,-4.606801299692869,0.0,0.0023985775938510923,0.008096240281218692,-0.006666666666666703
1000,6,303,0.0,0.0,-0.05926666666672564,-5.076507247260281,0.0,0.0036414041628666793,0.008944901402079486,-0.002666666666666706
1000,6,404,0.0,0.0,-0.05980666666672474,-4.834686567019517,0.0,0.004531428160029716,0.008172484602974373,-0.004666666666666701
1000,6,505,0.0,0.0,-0.06027333333339313,-5.002984408335834,0.0,0.0015444274303968997,0.006986562563356613,-0.005333333333333405
1000,6,606,0.0,0.0,-0.057540000000056546,-5.234179334427537,0.0,0.002147071344922702,0.006327481918212641,-0.004666666666666701
1000,6,707,0.0,0.0,-0.058813333333392004,-4.677002731094632,0.0,0.0034323474638736085,0.008810244313458115,-0.0013333333333334085
1000,6,808,0.0,0.0,-0.05925333333339178,-5.674098380835304,0.0,0.0019058784707755017,0.00701681301317747,-0.0040000000000000036
1000,6,909,0.0,0.0,-0.05986000000005831,-4.873661097737411,0.0,0.0023437307333787905,0.007395232127966889,-0.005333333333333405
1000,6,1010,0.0,0.0,-0.059966666666722346,-5.24510097609857,0.0,0.004754454686964282,0.01057650241221919,-0.005333333333333405
1000,8,101,0.0,0.0,-0.05083468750008113,-1.915855057776298,0.0,0.00257882488642891,0.009553269269969356,-0.0038750000000000034
1000,8,202,0.0,0.0,-0.05165000000008557,-1.8000455780558866,0.0,0.0035427956427737106,0.008476096704506109,-0.006000000000000005
1000,8,303,0.0,0.0,-0.05070187500008638,-2.5766123888563257,0.0,0.0032318964480096968,0.006908750424804544,-0.0030000000000000027
1000,8,404,0.0,0.0,-0.051562187500084455,-2.6191340786162627,0.0,0.003838982753461284,0.007333755850515322,-0.0031250000000000028
1000,8,505,0.0,0.0,-0.05082500000008039,-2.8320158489516913,0.0,0.0009756548202952686,0.007205433566014552,-0.0050000000000000044
1000,8,606,0.0,0.0,-0.049748125000090515,-1.2467894165980553,0.0,0.003128147686049576,0.007460063842461562,-0.0030000000000000027
1000,8,707,0.0,0.0,-0.050676250000088796,-3.0995230593325616,0.0,0.001002152006252588,0.007003303687068252,-0.0020000000000000018
1000,8,808,0.0,0.0,-0.05004812500008704,-2.3215763729999352,0.0,0.0020401752907509008,0.006396615254914417,-0.0020000000000000018
1000,8,909,0.0,0.0,-0.05003375000008692,-1.698375086049289,0.0,0.00028797422013082663,0.006589683393187107,-0.0038750000000000034
1000,8,1010,0.0,0.0,-0.05211375000009921,-0.5681926078797304,0.0,0.0011249620556565976,0.008683094886429377,-0.0030000000000000027
1000,10,101,0.0,0.0,-0.03176624999988631,-0.004666187935058019,0.0,0.00367110236933349,0.006113043046060418,-0.0021000000000000046
1000,10,202,0.0,0.0,-0.029019249999865382,-0.0007211019356532233,0.0,0.0035968088772130313,0.008266500033671131,-0.004100000000000006
1000,10,303,0.0,0.0,-0.0358657499999081,-0.003342734439826245,0.0,0.004568735564024484,0.010751079928694618,-0.004100000000000006
1000,10,404,0.0,0.0,-0.029654249999876314,-0.002598244716025988,0.0,0.006516874708525355,0.007707122233495345,-0.0021000000000000046
1000,10,505,0.0,0.0,-0.034199749999898055,-0.0018316815006969023,0.0,0.0017327273493799034,0.009631483580146427,-0.006000000000000005
1000,10,606,0.0,0.0,-0.03235799999989364,-0.0010419553437515106,0.0,0.0005762635790912962,0.006203077286767056,-0.006100000000000001
1000,10,707,0.0,0.0,-0.029982249999875088,-0.0016360070424852324,0.0,-0.0011152050136384872,0.00546306638506544,-0.0021000000000000046
1000,10,808,0.0,0.0,-0.033118999999885435,-0.0006515638025206272,0.0,0.001831410680890766,0.005109985112987103,-0.006000000000000005
1000,10,909,0.0,0.0,-0.03204349999989453,0.00015198763263413184,0.0,-0.0006611513353996235,0.005783420297194586,-0.0020000000000000018
1000,10,1010,0.0,0.0,-0.03285874999988725,-0.0009517431089918205,0.0,0.0015496223589417935,0.006726657347549847,0.0020000000000000018
