period_ms,metric,cooling_minus_control,ci95_low,ci95_high
40,mandatory_rejection_ratio,0.0,0.0,0.0
40,admitted_mandatory_violation_ratio,0.0,0.0,0.0
40,mean_voltage,-0.0006582500000000824,-0.0006765745978561412,-0.0006399254021440235
40,peak_modeled_temperature,-1.822858813742556e-05,-2.5451670205431053e-05,-1.1005506069420067e-05
40,total_iit_celsius_seconds,0.0,0.0,0.0
40,mean_complete_image_dice,0.0,0.0,0.0
40,pixel_defect_recall,0.0,0.0,0.0
40,image_complete_miss_rate,0.0,0.0,0.0
50,mandatory_rejection_ratio,0.0,0.0,0.0
50,admitted_mandatory_violation_ratio,0.0,0.0,0.0
50,mean_voltage,-0.0004091875000000689,-0.0004472086861370907,-0.0003711663138630471
50,peak_modeled_temperature,-3.851776565255705e-07,-1.0476940097664356e-06,2.773386967152946e-07
50,total_iit_celsius_seconds,0.0,0.0,0.0
50,mean_complete_image_dice,4.448297995227968e-05,-1.0605334812447133e-05,9.95712947170065e-05
50,pixel_defect_recall,1.663446752188059e-05,-1.071511152826906e-05,4.398404657203024e-05
50,image_complete_miss_rate,2.3958333333332084e-05,-7.664639756472293e-05,0.00012456306423138712
60,mandatory_rejection_ratio,0.0,0.0,0.0
60,admitted_mandatory_violation_ratio,0.0,0.0,0.0
60,mean_voltage,-0.0004028571428572686,-0.00041643767125937504,-0.0003892766144551622
60,peak_modeled_temperature,-0.0019317255067218043,-0.002470657953678886,-0.0013927930597647225
60,total_iit_celsius_seconds,0.0,0.0,0.0
60,mean_complete_image_dice,5.8799014997275995e-06,-1.0101367273240927e-05,2.1861170272696126e-05
60,pixel_defect_recall,-1.4963360276010543e-05,-2.505589829569556e-05,-4.870822256325527e-06
60,image_complete_miss_rate,1.250000000000695e-05,-1.6526324116977144e-05,4.152632411699105e-05
80,mandatory_rejection_ratio,0.0,0.0,0.0
80,admitted_mandatory_violation_ratio,0.0,0.0,0.0
80,mean_voltage,-0.0003675812500000819,-0.0003788472745499774,-0.0003563152254501864
80,peak_modeled_temperature,0.00012160421268561094,0.00011714578272152867,0.00012606264264969323
80,total_iit_celsius_seconds,0.0,0.0,0.0
80,mean_complete_image_dice,0.0,0.0,0.0
80,pixel_defect_recall,0.0,0.0,0.0
80,image_complete_miss_rate,0.0,0.0,0.0
100,mandatory_rejection_ratio,0.0,0.0,0.0
100,admitted_mandatory_violation_ratio,0.0,0.0,0.0
100,mean_voltage,-0.00024982500000025334,-0.0002967382209579101,-0.00020291177904259656
100,peak_modeled_temperature,-4.2541806263507453e-05,-0.00010318583983529497,1.8102227308280072e-05
100,total_iit_celsius_seconds,0.0,0.0,0.0
100,mean_complete_image_dice,-8.77324694636656e-05,-0.00018692177750661475,1.1456838579283548e-05
100,pixel_defect_recall,-1.8351827939066048e-05,-6.392466748650351e-05,2.7221011608371412e-05
100,image_complete_miss_rate,7.708333333334844e-05,-3.075932171184329e-05,0.00018492598837854015
150,mandatory_rejection_ratio,0.0,0.0,0.0
150,admitted_mandatory_violation_ratio,0.0,0.0,0.0
150,mean_voltage,-0.003916170658671591,-0.004411730865642243,-0.0034206104517009394
150,peak_modeled_temperature,4.753070054555053e-05,3.735733490766524e-05,5.770406618343582e-05
150,total_iit_celsius_seconds,0.0,0.0,0.0
150,mean_complete_image_dice,-0.003818218998964576,-0.004427962994811309,-0.003208475003117842
150,pixel_defect_recall,0.0009595797030389413,0.0006566579870472126,0.00126250141903067
150,image_complete_miss_rate,-0.0011749999999999961,-0.0017311296112972044,-0.0006188703887027879
200,mandatory_rejection_ratio,0.0,0.0,0.0
200,admitted_mandatory_violation_ratio,0.0,0.0,0.0
200,mean_voltage,-0.004086817020858039,-0.00448684127781927,-0.0036867927638968073
200,peak_modeled_temperature,1.12471553592286e-05,4.926687756013124e-07,2.200164194285589e-05
200,total_iit_celsius_seconds,0.0,0.0,0.0
200,mean_complete_image_dice,-0.0036375256143459296,-0.004354276145565933,-0.0029207750831259263
200,pixel_defect_recall,0.0014618635484634935,0.0010405789507514905,0.0018831481461754965
200,image_complete_miss_rate,0.0002583333333333321,-0.0003277861248124598,0.000844452791479124
300,mandatory_rejection_ratio,0.0,0.0,0.0
300,admitted_mandatory_violation_ratio,0.0,0.0,0.0
300,mean_voltage,-0.015704104130891416,-0.016036830974008556,-0.015371377287774275
300,peak_modeled_temperature,0.0007769115030193064,0.0005750654126917713,0.0009787575933468415
300,total_iit_celsius_seconds,0.0,0.0,0.0
300,mean_complete_image_dice,-0.005820485491854867,-0.006253755987867738,-0.005387214995841996
300,pixel_defect_recall,0.0038621669713279905,0.003263084064890842,0.004461249877765139
300,image_complete_miss_rate,-0.00246354166666667,-0.003246336248500798,-0.0016807470848325416
500,mandatory_rejection_ratio,0.0,0.0,0.0
500,admitted_mandatory_violation_ratio,0.0,0.0,0.0
500,mean_voltage,-0.03234766938303644,-0.03290948294199194,-0.03178585582408094
500,peak_modeled_temperature,-1.0619048864559193,-1.1713790213993076,-0.952430751512531
500,total_iit_celsius_seconds,0.0,0.0,0.0
500,mean_complete_image_dice,0.0026489210322025503,0.0020158859099158135,0.003281956154489287
500,pixel_defect_recall,0.007070047425410589,0.006360699250531629,0.007779395600289549
500,image_complete_miss_rate,-0.0019495833333333372,-0.003219902009223496,-0.0006792646574431786
750,mandatory_rejection_ratio,0.0,0.0,0.0
750,admitted_mandatory_violation_ratio,0.0,0.0,0.0
750,mean_voltage,-0.04532540416661104,-0.045926736519649125,-0.04472407181357295
750,peak_modeled_temperature,-1.0975766666120585,-1.280019492041768,-0.9151338411823492
750,total_iit_celsius_seconds,0.0,0.0,0.0
750,mean_complete_image_dice,0.0026857606900815125,0.002190251931146169,0.003181269449016856
750,pixel_defect_recall,0.007140792376463534,0.006526533808335298,0.00775505094459177
750,image_complete_miss_rate,-0.0035241666666666616,-0.004447368326229854,-0.0026009650071034686
1000,mandatory_rejection_ratio,0.0,0.0,0.0
1000,admitted_mandatory_violation_ratio,0.0,0.0,0.0
1000,mean_voltage,-0.05028517916664064,-0.050812665410388924,-0.04975769292289235
1000,peak_modeled_temperature,-2.4002629055519806,-2.543990149634912,-2.2565356614690493
1000,total_iit_celsius_seconds,0.0,0.0,0.0
1000,mean_complete_image_dice,0.0027516822333853814,0.0019403947653388273,0.0035629697014319356
1000,pixel_defect_recall,0.00769350771941473,0.0070182376037749294,0.00836877783505453
1000,image_complete_miss_rate,-0.0042535416666666815,-0.005047175538835713,-0.00345990779449765
