period_ms,lines,seed,mandatory_rejection_ratio,admitted_mandatory_violation_ratio,historical_coverage_adjusted_dice,mean_complete_image_dice,pixel_defect_recall,image_complete_miss_rate,peak_modeled_temperature,mean_voltage
60,4,101,0.0,0.0,4.912499999898401e-06,6.993131113100515e-05,-4.602478179488445e-05,0.0,-0.0008326352256773362,-0.0003885714285714048
60,4,202,0.0,0.0,0.0,3.558248572510525e-05,6.995931685405132e-06,0.0,-0.0009448856103446701,-0.0003571428571429447
60,4,303,0.0,0.0,7.368750000014135e-06,-2.716392853530092e-05,5.831660285587903e-06,0.0,-0.0014278755938832433,-0.00037285714285717475
60,4,404,0.0,0.0,4.912500000009423e-06,-1.4524402538101944e-05,2.858131737171199e-05,0.0002500000000000835,-0.004443250828892076,-0.0003700000000000925
60,4,505,0.0,0.0,4.912500000009423e-06,0.00012820836236637767,5.387588627847606e-05,0.0,0.00019336621181764713,-0.00033857142857152134
60,4,606,0.0,0.0,7.368750000014135e-06,2.3893166840510682e-05,-4.945577627391007e-05,0.0,-0.0035872670118806127,-0.00036285714285722026
60,4,707,0.0,0.0,9.825000000018846e-06,-2.1277904480199172e-05,-8.394087693830432e-05,0.0,-0.004443250828892076,-0.0002957142857145101
60,4,808,0.0,0.0,7.368750000014135e-06,-2.31880062827039e-05,-0.00010684508332520215,0.0,-0.004443250828892076,-0.00031571428571441906
60,4,909,0.0,0.0,4.912499999898401e-06,5.432221261872372e-05,-1.1323312109401407e-05,0.0,-0.004443250828892076,-0.0003471428571428792
60,4,1010,0.0,0.0,4.912499999898401e-06,3.3909160345790834e-05,1.3559125328410637e-05,0.0,-0.0020462908827809656,-0.0003442857142857969
60,6,101,0.0,0.0,3.2749999999970303e-06,4.627187470407357e-06,8.242629379040523e-07,0.0,-0.004443250828877865,-0.000400000000000178
60,6,202,0.0,0.0,3.2750000001080526e-06,0.00013595571052689437,1.3565994186309771e-05,0.0,-0.004443250828892076,-0.00034142857142871463
60,6,303,0.0,0.0,3.2750000001080526e-06,-3.7462656655301574e-05,-7.008295629490346e-05,0.00033333333333340764,-0.0016572573398931922,-0.00033571428571443906
60,6,404,0.0,0.0,3.2750000001080526e-06,-4.711536181539744e-05,-3.347881299431421e-05,0.0,-0.0021604288162322405,-0.0004642857142859169
60,6,505,0.0,0.0,1.6375000000956597e-06,2.5398245925095653e-05,-3.8740358080935344e-06,0.0,0.0001450901078854372,-0.000320000000000098
60,6,606,0.0,0.0,4.912500000009423e-06,-8.450364905139562e-05,-7.219856450210727e-05,0.0,0.00010557888557372053,-0.00038000000000004697
60,6,707,0.0,0.0,3.2750000001080526e-06,-2.4627279212041664e-06,-7.143612128390764e-06,-0.0001666666666666483,-0.002807891402056839,-0.0004142857142859224
60,6,808,0.0,0.0,1.1102230246251565e-16,8.04417382121031e-05,4.508718270310186e-05,-0.0001666666666666483,-0.0027495580142371523,-0.0003842857142858369
60,6,909,0.0,0.0,8.187500000006454e-06,2.2219214505500573e-05,-3.5718060643064042e-06,0.0,-0.0024902341917325543,-0.0004742857142857604
60,6,1010,0.0,0.0,1.6375000000956597e-06,2.6276098043925833e-06,-4.609690480208983e-05,0.0,-0.0018047387000237336,-0.0003500000000000725
60,8,101,0.0,0.0,3.6843750000070674e-06,-4.35412121396056e-05,-1.030328672368963e-05,0.0,-0.0007610930694355034,-0.00045285714285725476
60,8,202,0.0,0.0,2.4562499998936893e-06,-6.132431731510624e-05,-1.5187044630798896e-05,0.0,-0.0019221939130531496,-0.0004342857142858314
60,8,303,0.0,0.0,2.4562499998936893e-06,-6.613826762300046e-06,2.179145142097716e-06,0.0,-0.0003752070698226362,-0.00045285714285725476
60,8,404,0.0,0.0,2.4562500000047116e-06,-9.227653361004728e-06,-5.698747886899447e-05,0.0,-0.0017453692404316712,-0.0004371428571430247
60,8,505,0.0,0.0,2.4562499998936893e-06,0.0,0.0,0.0,-0.002499068310598318,-0.0003700000000000925
60,8,606,0.0,0.0,3.6843750000070674e-06,-6.786450673604283e-06,1.2436067075599633e-05,0.0,-0.004443250828892076,-0.00047857142857155033
60,8,707,0.0,0.0,3.6843750000070674e-06,7.370205259001061e-05,-1.983897858660877e-05,0.00012500000000004174,-0.0013600805366067448,-0.0004171428571431157
60,8,808,0.0,0.0,2.4562500000047116e-06,8.379377343700756e-06,3.591725751900254e-05,0.0,-0.001728893925161401,-0.0004071428571430502
60,8,909,0.0,0.0,2.4562500000047116e-06,-3.27795769358985e-05,-1.5583721169692977e-05,0.0,-0.00100129224193779,-0.00043142857142874913
60,8,1010,0.0,0.0,3.6843750000070674e-06,-6.974973903199622e-05,-1.0205405499813525e-05,0.00012500000000004174,-0.0019302652080668281,-0.00042571428571447356
60,10,101,0.0,0.0,3.929999999999212e-06,6.387624733039665e-07,-2.01861993491953e-05,0.0,-0.0031288579016788276,-0.0004171428571430047
60,10,202,0.0,0.0,2.9475000000028784e-06,3.5045337574979296e-06,-4.9785481449099445e-05,0.0,-0.001017117784186894,-0.0004028571428573713
60,10,303,0.0,0.0,1.965000000006545e-06,-8.890334973400693e-06,-1.7721653169933127e-07,0.0,0.00016258434549598633,-0.0004542857142858514
60,10,404,0.0,0.0,0.0,-5.1587542393802255e-05,-4.6995351404302554e-05,0.0,-0.00017626170117068796,-0.0003871428571429192
60,10,505,0.0,0.0,4.9124999999955454e-06,-2.0935328442397982e-05,-2.309172620519606e-05,0.0,-3.9279539983283485e-05,-0.0004714285714286781
60,10,606,0.0,0.0,3.929999999999212e-06,1.9373999544304576e-05,-3.468086311210483e-05,-9.999999999998899e-05,-0.0033879343414824348,-0.0004900000000001015
60,10,707,0.0,0.0,4.9124999999955454e-06,1.240731209620205e-05,-2.4084963045400976e-05,0.00019999999999997797,-0.00033188890472501953,-0.0004328571428573458
60,10,808,0.0,0.0,3.929999999999212e-06,2.9811164038592852e-05,2.3137060666894582e-05,0.0,-0.00121317927349196,-0.0004928571428572948
60,10,909,0.0,0.0,3.929999999999212e-06,4.404260282719896e-05,2.353270687691089e-06,-9.999999999998899e-05,-0.0017901934160775568,-0.0004714285714286781
60,10,1010,0.0,0.0,9.824999999963335e-07,-4.645530844893386e-06,1.826566670388996e-05,0.0,0.00014435514923860637,-0.0004300000000001525
80,4,101,0.0,0.0,0.0,0.0,0.0,0.0,-4.4312349807285045e-05,-0.00040300000000015324
80,4,202,0.0,0.0,0.0,0.0,0.0,0.0,4.633769307815783e-06,-0.00035900000000010923
80,4,303,0.0,0.0,0.0,0.0,0.0,0.0,4.185600232631259e-06,-0.00040400000000007097
80,4,404,0.0,0.0,0.0,0.0,0.0,0.0,5.7335553762527525e-06,-0.0003500000000000725
80,4,505,0.0,0.0,0.0,0.0,0.0,0.0,5.322316312117437e-06,-0.00032100000000012674
80,4,606,0.0,0.0,0.0,0.0,0.0,0.0,1.5229034033836797e-06,-0.00032900000000013474
80,4,707,0.0,0.0,0.0,0.0,0.0,0.0,-2.903753140515164e-05,-0.0003500000000000725
80,4,808,0.0,0.0,0.0,0.0,0.0,0.0,4.412963733102515e-06,-0.000316000000000094
80,4,909,0.0,0.0,0.0,0.0,0.0,0.0,4.174306724280541e-06,-0.00034300000000009323
80,4,1010,0.0,0.0,0.0,0.0,0.0,0.0,6.028040480998698e-06,-0.00032700000000018825
80,6,101,0.0,0.0,0.0,0.0,0.0,0.0,0.00016253773546992534,-0.0003687500000000288
80,6,202,0.0,0.0,0.0,0.0,0.0,0.0,0.00017116340372069772,-0.0003750000000000142
80,6,303,0.0,0.0,0.0,0.0,0.0,0.0,0.00017099086655747442,-0.00034250000000002334
80,6,404,0.0,0.0,0.0,0.0,0.0,0.0,0.0001591509163461069,-0.00039500000000014523
80,6,505,0.0,0.0,0.0,0.0,0.0,0.0,0.00016360029781026242,-0.00040250000000008335
80,6,606,0.0,0.0,0.0,0.0,0.0,0.0,0.00013104450484746621,-0.0003587500000000743
80,6,707,0.0,0.0,0.0,0.0,0.0,0.0,0.00015461797102034325,-0.00039125000000006516
80,6,808,0.0,0.0,0.0,0.0,0.0,0.0,0.00017035170370860442,-0.00032500000000013074
80,6,909,0.0,0.0,0.0,0.0,0.0,0.0,0.00017082159311598843,-0.0003862500000000324
80,6,1010,0.0,0.0,0.0,0.0,0.0,0.0,0.0001713456393162005,-0.0003187500000000343
80,8,101,0.0,0.0,0.0,0.0,0.0,0.0,0.00016060711118370818,-0.00037874999999998327
80,8,202,0.0,0.0,0.0,0.0,0.0,0.0,0.00016218927616051815,-0.0003750000000000142
80,8,303,0.0,0.0,0.0,0.0,0.0,0.0,0.0001664070465707823,-0.0003950000000000342
80,8,404,0.0,0.0,0.0,0.0,0.0,0.0,0.0001701589537219661,-0.0003587500000001853
80,8,505,0.0,0.0,0.0,0.0,0.0,0.0,0.00016816009194542403,-0.0003487500000001198
80,8,606,0.0,0.0,0.0,0.0,0.0,0.0,0.00015547779091207303,-0.00036125000000009067
80,8,707,0.0,0.0,0.0,0.0,0.0,0.0,0.00017210512640986053,-0.0003887500000001598
80,8,808,0.0,0.0,0.0,0.0,0.0,0.0,0.00016479348634845792,-0.0003387500000000543
80,8,909,0.0,0.0,0.0,0.0,0.0,0.0,0.00016853361081814455,-0.00033500000000008523
80,8,1010,0.0,0.0,0.0,0.0,0.0,0.0,0.00016479238315980638,-0.0003850000000000797
80,10,101,0.0,0.0,0.0,0.0,0.0,0.0,0.00016822271812344525,-0.00038125000000011067
80,10,202,0.0,0.0,0.0,0.0,0.0,0.0,0.00016984662536856376,-0.00041250000000003784
80,10,303,0.0,0.0,0.0,0.0,0.0,0.0,0.0001690138672785224,-0.00042250000000010335
80,10,404,0.0,0.0,0.0,0.0,0.0,0.0,0.00017372752714805983,-0.0003650000000000597
80,10,505,0.0,0.0,0.0,0.0,0.0,0.0,0.00015626732368900775,-0.00039875000000000327
80,10,606,0.0,0.0,0.0,0.0,0.0,0.0,0.00016383517369433775,-0.00038125000000011067
80,10,707,0.0,0.0,0.0,0.0,0.0,0.0,0.00016170953254146525,-0.0003787500000000943
80,10,808,0.0,0.0,0.0,0.0,0.0,0.0,0.00014547870355841042,-0.0003750000000000142
80,10,909,0.0,0.0,0.0,0.0,0.0,0.0,0.00016532269614799588,-0.00037249999999999783
80,10,1010,0.0,0.0,0.0,0.0,0.0,0.0,0.00014923125637267276,-0.00038500000000019075
100,4,101,0.0,0.0,9.825000000240891e-06,0.0009346175515790867,0.0002221285584770305,0.0,0.0001028823389219724,-0.0003964285714277427
100,4,202,0.0,0.0,-0.00012281250000056865,-0.0009061465247824918,0.0001447302686083951,0.0,0.00022012140460958562,-5.142857142992341e-05
100,4,303,0.0,0.0,-0.0002480812500010865,0.0006070656387988094,0.0005347817941088184,0.0,5.559267269461543e-05,0.0001678571428554987
100,4,404,0.0,0.0,-6.877500000046499e-05,-0.0005356140404121912,-7.312242587831363e-05,0.0017500000000000016,-1.4751294521886393e-05,-0.000272857142858296
100,4,505,0.0,0.0,-0.00012772500000046705,-0.0006862562393608052,-0.0003817058632542558,0.0,0.0002738564894713136,-0.0001521428571436001
100,4,606,0.0,0.0,-2.947500000016756e-05,-0.00024350515733062572,0.0001047432128334913,0.0,6.017423667969979e-05,-0.00032785714285787915
100,4,707,0.0,0.0,-7.860000000037282e-05,-0.0006869168941174841,-3.8328226612316385e-05,0.0,-3.753226570069046e-05,-0.0002785714285713503
100,4,808,0.0,0.0,-0.00031685625000132944,-0.0007786845694841005,-0.0002365119467433452,0.0,1.3353702982499271e-05,0.00034142857142571703
100,4,909,0.0,0.0,-0.00020386875000089066,-0.000764891864513173,0.0001335305959396793,0.0007500000000000007,-2.660392384257193e-05,1.0714285712976057e-05
100,4,1010,0.0,0.0,6.386250000023352e-05,-0.00014019843843632307,-0.0005465275409739512,0.0,0.0003438698402149498,-0.0005807142857140457
100,6,101,0.0,0.0,4.912500000009423e-06,-3.68255057837108e-05,-4.580841277371239e-05,-0.0003333333333332966,8.418127883658144e-06,-0.00029200000000007
100,6,202,0.0,0.0,3.2749999999692747e-06,-3.49421640807035e-05,-5.9896440154083574e-06,0.00016666666666675933,1.3170990804667326e-05,-0.00024999999999997247
100,6,303,0.0,0.0,3.2749999999692747e-06,-0.00014077763241371333,-2.8924760262505345e-05,0.00033333333333340764,7.158470793910965e-07,-0.000260000000000149
100,6,404,0.0,0.0,4.912500000009423e-06,8.605480842660551e-05,-6.953344766957859e-05,0.00016666666666675933,3.06178998954465e-06,-0.0003030000000000532
100,6,505,0.0,0.0,0.0,1.2845294445784639e-05,6.683398654810935e-06,0.0,2.9703206180897723e-05,-0.00023899999999998922
100,6,606,0.0,0.0,0.0,-8.178223089172487e-05,-0.00012292507947200826,0.0008333333333333526,1.3849189102188575e-05,-0.00024100000000004673
100,6,707,0.0,0.0,4.912500000009423e-06,9.742011524208061e-05,5.7258798752679585e-05,0.0,3.338062684576926e-05,-0.0003009999999999957
100,6,808,0.0,0.0,3.2749999999692747e-06,-9.340732556339937e-05,2.1252246082098525e-05,0.0,2.7634572461465723e-06,-0.00028100000000008674
100,6,909,0.0,0.0,3.2749999999692747e-06,-0.0002506958826189176,-0.0001242988510350984,-0.0003333333333332966,4.503759214458114e-06,-0.000276000000000054
100,6,1010,0.0,0.0,0.0,6.302017934389781e-05,4.217478698920196e-05,0.0,2.2848881684467415e-05,-0.00023100000000009224
100,8,101,0.0,0.0,1.2281250000023558e-06,-0.00017473764955580617,-2.2893903100201785e-05,0.00024999999999997247,2.0968748771110768e-05,-0.00025200000000003
100,8,202,0.0,0.0,2.456250000115734e-06,6.093186760400271e-05,5.280434445809057e-06,0.00012500000000004174,-0.0002714349770371882,-0.0003030000000000532
100,8,303,0.0,0.0,1.2281250000023558e-06,2.4298812866405117e-05,-0.0001255094872252005,0.00012500000000004174,5.330751861265526e-06,-0.0002660000000000995
100,8,404,0.0,0.0,3.6843750000070674e-06,0.00023051694008129064,8.273539239211924e-06,-0.00024999999999997247,3.072012506777355e-05,-0.0002870000000000372
100,8,505,0.0,0.0,2.456250000115734e-06,-7.931606120406554e-06,-5.441680883139233e-05,0.0,-0.0001701427299565239,-0.00023600000000001398
100,8,606,0.0,0.0,2.456250000115734e-06,-0.00020583451921350748,-7.997926319297521e-05,0.0,2.378580342110581e-05,-0.00029400000000001647
100,8,707,0.0,0.0,3.6843750000070674e-06,-0.00010421220793480068,-0.00017160639202720707,0.0,2.7831167692227154e-05,-0.00029700000000010274
100,8,808,0.0,0.0,2.456250000115734e-06,3.258060149770314e-05,-9.555783271930629e-05,-0.00012499999999993072,5.2981327485213114e-06,-0.00030799999999997496
100,8,909,0.0,0.0,2.456250000115734e-06,9.950654593379737e-05,2.586640131990725e-05,-0.00024999999999997247,-1.2493248171097093e-05,-0.000284000000000062
100,8,1010,0.0,0.0,1.2281250000023558e-06,-2.4099539681396442e-05,-6.820775811100521e-06,-0.00012499999999993072,-2.5019924478897337e-05,-0.0002870000000000372
100,10,101,0.0,0.0,3.93000000001309e-06,-1.3378739110891935e-05,-1.042280484969682e-05,0.0,2.1364522602596026e-05,-0.0003020000000001355
100,10,202,0.0,0.0,1.9649999999094003e-06,0.00014447795284409926,3.608211010650009e-05,0.00029999999999996696,2.2269215293135858e-05,-0.0002889999999999837
100,10,303,0.0,0.0,2.947499999905734e-06,-1.7958500877809924e-05,-1.3868223930110779e-05,0.0,2.4197267364911568e-05,-0.00033200000000011
100,10,404,0.0,0.0,1.9649999999094003e-06,-6.948078343360642e-05,-7.452985484489305e-05,0.0,3.412958896831242e-06,-0.0003030000000000532
100,10,505,0.0,0.0,1.9649999999094003e-06,0.0001346232446697987,0.0002483339379301952,0.0,-0.0008369790430649005,-0.00028200000000000447
100,10,606,0.0,0.0,1.9649999999094003e-06,-2.8824378013297958e-05,2.1661630007899224e-05,-9.999999999998899e-05,-0.00010724305089127029,-0.000276000000000054
100,10,707,0.0,0.0,1.9649999999094003e-06,4.644612320997554e-06,-4.280809567969168e-05,-9.999999999998899e-05,1.6309053975760435e-05,-0.00026300000000012425
100,10,808,0.0,0.0,1.9649999999094003e-06,-4.256887454269498e-05,1.0056007842401682e-05,0.0,-5.0704244713983826e-05,-0.00029000000000001247
100,10,909,0.0,0.0,3.93000000001309e-06,3.815171128439265e-05,-6.76307740540838e-06,0.00019999999999997797,-0.0004889868265109953,-0.0003370000000000317
100,10,1010,0.0,0.0,1.9649999999094003e-06,-1.0383387211793105e-05,2.194187940690595e-05,-0.00029999999999996696,-0.001063535030951357,-0.0002910000000000412
150,4,101,0.0,0.0,-0.007171562500017714,-0.016772549287249305,0.0013654121632030725,-0.0072499999999999926,-3.6378837521056084e-05,-0.016615843768168936
150,4,202,0.0,0.0,-0.008129193750020636,-0.0151479730651633,0.0034226488167581337,-0.006499999999999992,-4.8645122063817325e-06,-0.016548123980338447
150,4,303,0.0,0.0,-0.007328387500017075,-0.019867024862637195,0.004415607468184812,0.0,3.764158393693151e-05,-0.015981933974450135
150,4,404,0.0,0.0,-0.007470493750020735,-0.013768323351072642,0.0036213786110855795,-0.0024999999999999883,-2.2526525036425937e-05,-0.017565346790804903
150,4,505,0.0,0.0,-0.007633425000018512,-0.0144390874963925,0.005296888794813048,-0.003249999999999989,-5.559640023022894e-06,-0.016516701191009897
150,4,606,0.0,0.0,-0.008434731250017924,-0.01066685678070789,0.005143709831091248,-0.008250000000000007,-8.548975112177004e-05,-0.016606491136513135
150,4,707,0.0,0.0,-0.007972306250018324,-0.01174587882664202,0.005200563367232736,-0.00424999999999999,-1.871856028401453e-05,-0.015519699325997838
150,4,808,0.0,0.0,-0.007053387500018604,-0.013643224112741492,0.0031365162411532976,-0.0040000000000000036,6.860710028888661e-05,-0.016647916802851603
150,4,909,0.0,0.0,-0.007576825000019549,-0.011254255155620174,0.005128770065341737,-0.008999999999999994,-2.1536598573845822e-05,-0.0166336891433726
150,4,1010,0.0,0.0,-0.007772837500017449,-0.020974204628183557,0.0006132207159367242,-0.0020000000000000018,-5.032060153098428e-05,-0.017243124026897982
150,6,101,0.0,0.0,-1.6375000000401485e-06,0.0,0.0,0.0,0.00012261614139674748,-0.00022822331332938983
150,6,202,0.0,0.0,0.0,0.0,0.0,0.0,0.00012268267114023956,-0.00021954545454527796
150,6,303,0.0,0.0,-3.275000000080297e-06,1.221592363709334e-05,0.0,0.0,-3.4572125748866256e-05,-0.00023872317206208304
150,6,404,0.0,0.0,0.0,0.0,0.0,0.0,4.451742940858594e-05,-0.00022090909090877187
150,6,505,0.0,0.0,-9.825000000018846e-06,-3.229420129940985e-05,-5.907217721645708e-07,0.0,0.00012275724158428147,-0.00021056940149133396
150,6,606,0.0,0.0,0.0,0.0,0.0,0.0,7.94260840208949e-05,-0.0002250409165299727
150,6,707,0.0,0.0,-1.6375000000401485e-06,0.0,0.0,0.0,9.059231786068267e-05,-0.000212349945434398
150,6,808,0.0,0.0,0.0,0.0,0.0,0.0,7.000738104068205e-05,-0.00021727272727234404
150,6,909,0.0,0.0,-1.473750000002827e-05,1.8041922017819623e-05,7.725404385450219e-05,0.0,-1.8629686969973136e-05,-0.00026200873362403065
150,6,1010,0.0,0.0,0.0,0.0,0.0,0.0,6.724394288681879e-05,-0.0002222727272723768
150,8,101,0.0,0.0,-3.807187500021181e-05,3.812328038041435e-05,6.017119446671826e-05,0.0,7.893368479727769e-05,-0.00020411764705718927
150,8,202,0.0,0.0,-0.00010807500000048487,-8.685200055361109e-05,0.00012223819369033828,0.0,8.57160755955988e-05,-5.29411764679244e-05
150,8,303,0.0,0.0,-6.0178125000365235e-05,-0.00013303599149119827,8.572334554091121e-06,0.0,8.848830993457568e-05,-0.00026823529411579283
150,8,404,0.0,0.0,-6.754687500032386e-05,-4.212581451601416e-05,-1.967412599901408e-05,0.0,9.147664509612241e-05,-0.00019058823529205515
150,8,505,0.0,0.0,-6.754687500037937e-05,-2.585007946226403e-06,7.991744347268792e-05,0.0,8.692532124854324e-05,-0.0001999999999980906
150,8,606,0.0,0.0,-0.0001277250000006891,-0.0004282892887401968,5.7409913624739684e-05,0.0,9.158867133862714e-05,-0.0002170588235252957
150,8,707,0.0,0.0,-5.158125000026548e-05,9.436951270888616e-05,1.920017480966374e-05,0.0,7.35195104581976e-05,-0.0001911764705865293
150,8,808,0.0,0.0,-0.00013755000000076345,-0.00014125071183102023,1.3847617356788078e-05,0.0,2.6916441768776167e-05,-9.882352940793204e-05
150,8,909,0.0,0.0,-5.158125000026548e-05,-8.833956180101521e-05,2.688127506217386e-05,0.0,8.171364095943545e-05,-0.00013764705882168826
150,8,1010,0.0,0.0,-8.105625000037753e-05,-0.0001025256878900982,1.091118064039387e-05,0.0,7.971589827349135e-05,-0.00020352941176193795
150,10,101,0.0,0.0,-0.0008488800000032992,-0.0008415014119087932,0.00019199968743950635,0.0,5.615965742578055e-05,0.004927692307681086
150,10,202,0.0,0.0,-9.824999998853112e-07,3.900913619239721e-05,1.676138684218731e-05,0.0,5.547842677344761e-05,-0.00021307692307659387
150,10,303,0.0,0.0,-9.824999998853112e-07,-1.3981853607597516e-05,2.7888936503905892e-05,0.0,6.827758837602005e-05,-0.00023769230769177252
150,10,404,0.0,0.0,0.0,3.4705269570389774e-05,1.615967489748682e-05,0.0,2.6634251632629002e-05,-0.0001999999999996449
150,10,505,0.0,0.0,-0.0008478975000031919,-0.0013258594255724926,0.00014469935874819595,0.0017000000000000348,6.142656578589367e-05,0.004898461538450305
150,10,606,0.0,0.0,-9.824999998853112e-07,-2.392780496796032e-06,-1.6732537640035128e-06,0.0,6.639046024048412e-05,-0.00020999999999971042
150,10,707,0.0,0.0,-0.0008498625000032123,-0.0014048920651774932,0.00019722963578050479,-0.0016999999999999238,7.024813820066811e-05,0.004927692307681086
150,10,808,0.0,0.0,-9.824999998853112e-07,2.0587381290002038e-05,-6.981507084002914e-06,0.0,6.626317671276638e-05,-0.00023076923076870148
150,10,909,0.0,0.0,-9.824999998853112e-07,-8.973773093404191e-06,4.602684245227917e-05,0.0,4.949517462193853e-05,-0.00022538461538412768
150,10,1010,0.0,0.0,-9.824999998853112e-07,-5.153524204459803e-05,-4.977723881971485e-05,0.0,6.836532803333739e-05,-0.00018384615384570147
200,4,101,0.0,0.0,-0.006278006249972434,0.0032678458396547816,0.005498730181730971,0.0012500000000000011,-6.430597494500034e-07,-0.011445449974782584
200,4,202,0.0,0.0,-0.006071624999972047,0.002652368022879492,0.0021598779958970082,0.006999999999999999,-3.147861728791668e-05,-0.012547086890925319
200,4,303,0.0,0.0,-0.008279874999968406,-0.002949379377133965,0.0017639948101108027,0.0049999999999999906,1.2560625393120972e-05,-0.008787078934058501
200,4,404,0.0,0.0,-0.006929762499971237,0.0017929636464045773,0.003620884053322837,0.0050000000000000044,-3.2433724825864374e-06,-0.011158782083460994
200,4,505,0.0,0.0,-0.009683343749963713,0.0006315423920942864,0.0035053429960029137,0.008000000000000007,0.0001634390716276357,-0.006774598393492037
200,4,606,0.0,0.0,-0.008855981249962341,-0.00409033954004584,0.0011786753946220196,0.0010000000000000009,1.4778568271367476e-06,-0.007051233635372078
200,4,707,0.0,0.0,-0.008848343749965126,0.0020008235418144116,-0.00023306034569092748,0.0002500000000000002,-4.101274573997671e-05,-0.007084172118693499
200,4,808,0.0,0.0,-0.006832981249974668,0.002172199146551701,0.004159158661631079,-0.0005000000000000004,1.5103715838904463e-05,-0.01193872425908582
200,4,909,0.0,0.0,-0.008007281249967524,-0.007247703107215175,-0.0007073412401579215,0.00449999999999999,2.2729681987243566e-05,-0.008756906077273197
200,4,1010,0.0,0.0,-0.006869181249972711,0.0027776205579863045,0.00021864604756438588,0.0020000000000000018,-3.51610417936854e-06,-0.010855957767641367
200,6,101,0.0,0.0,-0.006706358333365747,-0.014635607293397412,0.00476149910678747,-0.0043333333333333,2.959285472314832e-05,-0.0059403747869491985
200,6,202,0.0,0.0,-0.006212333333363795,-0.013946660481262918,0.0035224533208221276,-0.001833333333333298,5.905688190210867e-05,-0.00655103259931622
200,6,303,0.0,0.0,-0.00659477083336657,-0.01588394027485268,0.00318881915899194,-0.002833333333333396,5.3118323798173606e-05,-0.006617697155405167
200,6,404,0.0,0.0,-0.006296154166695711,-0.014831243514973447,0.00304339170131529,-0.0008333333333334081,2.0919779743167055e-05,-0.006678199213975167
200,6,505,0.0,0.0,-0.0061588083333630195,-0.013585997257805404,0.0038480028370031505,-0.0030000000000000027,8.112367439139234e-06,-0.006320875737518716
200,6,606,0.0,0.0,-0.006115879166695648,-0.012898732268326496,0.005354570028321404,0.0005000000000000004,1.6808239806209713e-05,-0.0061699402219310695
200,6,707,0.0,0.0,-0.006211525000029194,-0.015583799863833514,0.003093527494512971,-0.0011666666666666076,3.7839967589547996e-05,-0.006417718810084794
200,6,808,0.0,0.0,-0.006179820833361993,-0.013807247651424381,0.0030686278849305637,-0.003833333333333397,1.1718245573888453e-05,-0.0064562649776457315
200,6,909,0.0,0.0,-0.005997991666696123,-0.016172340162313892,0.0028244537272936743,-0.0031666666666666926,-1.5933166039872049e-06,-0.006905229875133201
200,6,1010,0.0,0.0,-0.00651774583336584,-0.014580973290551413,0.004675823843250715,-0.002666666666666609,-1.2871668218394916e-05,-0.006147688356062275
200,8,101,0.0,0.0,-1.2281250001411337e-06,0.00014294101645256907,1.4053683091153069e-05,0.0,2.4313210431614607e-06,-0.00017931034482798758
200,8,202,0.0,0.0,1.228124999919089e-06,1.0209077071332562e-05,9.175076827516726e-06,0.0,-1.4884749333532454e-05,-0.00015517241379336966
200,8,303,0.0,0.0,-2.333437499979496e-05,8.04636379508894e-06,0.0,0.0,1.5367968913437835e-05,-0.00011172413793092417
200,8,404,0.0,0.0,-2.4562499999492005e-06,0.0,0.0,0.0,3.367157709988078e-06,-0.00015931034482774553
200,8,505,0.0,0.0,4.912499999898401e-06,-6.22141347772498e-07,3.796761157692785e-06,0.0,9.215673166806937e-06,-0.00017448275862097518
200,8,606,0.0,0.0,-1.3509375000220203e-05,-0.00010779671353938758,-5.264979515806623e-06,0.0,1.2112056801072413e-05,-0.0001268965517235987
200,8,707,0.0,0.0,-2.947500000005654e-05,-0.00028252822989660586,-6.090787946733123e-05,0.0,9.782196322305481e-06,-9.793103448196838e-05
200,8,808,0.0,0.0,-2.947500000016756e-05,-7.891050025465862e-05,1.0766934626094127e-06,0.0,1.4201134767688472e-05,-9.620689655132075e-05
200,8,909,0.0,0.0,-4.6668750000256054e-05,2.6226277071161874e-06,-4.507687941579519e-06,0.0,-1.0820737834649208e-05,-3.5517241378402176e-05
200,8,1010,0.0,0.0,-9.825000000018846e-06,-0.00027638513807387577,-2.8957387336991935e-05,0.0,1.2472623680537254e-06,-0.0001655172413790318
200,10,101,0.0,0.0,0.0,0.0,0.0,0.0,6.840106550498604e-06,-0.00017079999999991546
200,10,202,0.0,0.0,0.0,0.0,0.0,0.0,-2.1625315575590776e-05,-0.00015480000000001048
200,10,303,0.0,0.0,0.0,0.0,0.0,0.0,1.005916517726746e-05,-0.00015080000000000648
200,10,404,0.0,0.0,0.0,0.0,0.0,0.0,1.5436959515113813e-06,-0.00018320000000005
200,10,505,0.0,0.0,0.0,0.0,0.0,0.0,1.280788328728022e-05,-0.00014599999999986846
200,10,606,0.0,0.0,0.0,0.0,0.0,0.0,8.471155936717878e-06,-0.00014879999999983795
200,10,707,0.0,0.0,0.0,0.0,0.0,0.0,1.5901163379794525e-05,-0.00013799999999997148
200,10,808,0.0,0.0,0.0,0.0,0.0,0.0,1.3208234776129757e-05,-0.00014319999999989896
200,10,909,0.0,0.0,0.0,0.0,0.0,0.0,-1.2469293658057268e-05,-0.00018359999999995047
200,10,1010,0.0,0.0,0.0,0.0,0.0,0.0,1.5011406631515456e-05,-0.00014639999999976894
250,4,101,0.0,0.0,0.0018041375000356075,0.003566646310842858,0.009198898026393065,0.0002500000000000002,-0.0001724595712104815,-0.024338309081708198
250,4,202,0.0,0.0,0.0020666187500298916,-5.949517100151125e-05,0.0053783568829376405,-0.008000000000000007,-0.00037328357364430076,-0.023911249999927442
250,4,303,0.0,0.0,-7.018124995639141e-05,9.264959369609249e-05,0.006910373192463459,-0.0037500000000000033,0.00010885953891914824,-0.019035910910837672
250,4,404,0.0,0.0,-8.116249995726577e-05,0.0033361219586731106,0.006499076289738559,-0.005500000000000005,-0.00027312270908907976,-0.02008387581364357
250,4,505,0.0,0.0,0.002267043750029729,-0.0017595803052102288,0.005394141518198392,-0.0020000000000000018,-6.765065706559881e-05,-0.024294374999925927
250,4,606,0.0,0.0,0.000639181250040477,0.00149569718620568,0.004750072761810942,-0.0050000000000000044,0.00012478684222827496,-0.0203599148722311
250,4,707,0.0,0.0,0.00067697500003705,0.0012581387091539775,0.0030930981908994237,-0.0020000000000000018,-0.00011469126000918095,-0.018498872745421835
250,4,808,0.0,0.0,0.002225662500030423,-0.0023819954287002676,0.001386647237140659,-0.0015000000000000013,-0.00047886674205699364,-0.02232107107100123
250,4,909,0.0,0.0,0.0026007500000300166,0.004789335127825312,0.008554190466228628,-0.0025000000000000022,9.751764789456274e-05,-0.025284374999924975
250,4,1010,0.0,0.0,0.0016626187500345946,0.002972482946452304,0.010359305693653953,-0.0010000000000000009,-0.0001870686653049347,-0.022429894842189046
250,6,101,0.0,0.0,-0.013479500000040057,0.0001417124094356681,0.00044473106814346686,-0.0008333333333332971,2.182803783057352e-06,-0.004504561581180622
250,6,202,0.0,0.0,-0.01377763333337445,0.0024122381494968703,0.0007103772753125348,-0.003666666666666707,-1.6538321546022416e-05,-0.0035220550953209973
250,6,303,0.0,0.0,-0.013865637500039774,-0.0007926536186824706,-0.001509417767311838,-0.006333333333333302,2.9793198869754178e-05,-0.00381175972910619
250,6,404,0.0,0.0,-0.013672170833371577,-0.0005982099370533955,-0.0032177507881121503,-0.003833333333333397,-1.3193147786694226e-05,-0.0036659895038128054
250,6,505,0.0,0.0,-0.013873604166708131,-0.0022499983483407204,-0.0035957440337168745,-0.005833333333333399,0.00013080049784264247,-0.0039239810585153245
250,6,606,0.0,0.0,-0.013532975000038805,-0.003355747239603024,-0.004048944403547194,-0.003666666666666707,-2.9344736454106624e-05,-0.00490143824010425
250,6,707,0.0,0.0,-0.013725637500039967,0.005253928509095118,-0.0003121483745823772,-0.0033333333333332993,-3.4343250803203773e-06,-0.003507273342191697
250,6,808,0.0,0.0,-0.01350459166670559,-0.0030363338860203704,-0.003299421507542255,-0.00399999999999999,2.3587735782371055e-06,-0.0042685719129987865
250,6,909,0.0,0.0,-0.013439316666705281,-0.002571721346626088,-0.002926737889029085,-0.0033333333333332993,2.9251895490745028e-05,-0.00540854382081879
250,6,1010,0.0,0.0,-0.014563666666708608,1.8123322325203084e-05,-0.001354586843285266,-0.006166666666666709,-1.8966969079770024e-06,-0.003444331469074746
250,8,101,0.0,0.0,-0.005481284374966755,-0.013532882740608654,0.002194383703134739,-0.0018750000000000017,0.0001298636030426792,-0.006041934240816005
250,8,202,0.0,0.0,-0.005697849999964033,-0.014042924282875624,0.002299322678416038,-0.007000000000000006,-0.00011789434486075834,-0.005630133470096332
250,8,303,0.0,0.0,-0.006094749999962512,-0.015432317015048491,0.004312976429129756,0.001125000000000001,-3.3439600173323925e-05,-0.005856719876275451
250,8,404,0.0,0.0,-0.005371315624966733,-0.013321187199790585,0.0021133741112694393,-0.0008750000000000008,-6.261885986447169e-05,-0.005425887802244733
250,8,505,0.0,0.0,-0.005315606249965521,-0.01263568417349531,0.0006442130024016945,-0.0010000000000000009,4.143796520850174e-05,-0.005857546927106383
250,8,606,0.0,0.0,-0.005620090624965157,-0.013016395980902595,0.003878388946765954,-0.0030000000000000027,1.6989703993885996e-05,-0.005738315356825896
250,8,707,0.0,0.0,-0.0054830062499643395,-0.013889458234808527,0.0024071568772666696,-0.0020000000000000018,3.8789603344469015e-05,-0.005561086844680707
250,8,808,0.0,0.0,-0.005345793749964245,-0.013331536529355925,0.0035198654786400274,-0.0018750000000000017,6.525656866784857e-05,-0.006416302110008654
250,8,909,0.0,0.0,-0.005596303124961732,-0.012574123763398115,0.0020853491713808125,-0.005124999999999991,0.00026087451719547516,-0.006079092778073503
250,8,1010,0.0,0.0,-0.005855731249964746,-0.01434733791334547,0.00369076094388332,-0.0008750000000000008,2.574497415253063e-06,-0.005279204107695112
250,10,101,0.0,0.0,0.0,0.0,0.0,0.0,0.00014583253158662046,-0.00011243243243230783
250,10,202,0.0,0.0,0.0,0.0,0.0,0.0,0.0,-0.00011675675675670849
250,10,303,0.0,0.0,0.0,0.0,0.0,0.0,0.0,-0.00011243243243230783
250,10,404,0.0,0.0,0.0,0.0,0.0,0.0,0.0,-0.00010594594594592888
250,10,505,0.0,0.0,0.0,0.0,0.0,0.0,0.0,-0.00011972972972962292
250,10,606,0.0,0.0,0.0,0.0,0.0,0.0,0.0,-0.0001054054054053788
250,10,707,0.0,0.0,0.0,0.0,0.0,0.0,6.037094550492839e-06,-0.00011378378378379406
250,10,808,0.0,0.0,0.0,0.0,0.0,0.0,0.0,-0.0001194594594594589
250,10,909,0.0,0.0,0.0,0.0,0.0,0.0,0.0,-0.0001062162162160929
250,10,1010,0.0,0.0,0.0,0.0,0.0,0.0,0.0,-0.00011297297297285791
300,4,101,0.0,0.0,0.00034335625005021964,0.0036737030972313067,0.004546943464052378,-0.007000000000000006,0.0036642249977063557,-0.04234749999988063
300,4,202,0.0,0.0,0.0003343625000502559,0.0012835181664200834,0.0059448934067291015,-0.004750000000000004,0.003734901066550833,-0.04174749999988181
300,4,303,0.0,0.0,8.658125005067685e-05,0.000971711680024967,0.008301316900167999,-0.005250000000000005,0.003302799476976759,-0.04039749999988462
300,4,404,0.0,0.0,0.00023516250004929073,0.0018070008274703175,0.007241026270001671,-0.0020000000000000018,0.0037223082145345643,-0.04099749999988278
300,4,505,0.0,0.0,0.0005880875000516816,0.003612811498238888,0.006895443730000728,-0.009500000000000001,0.003220295383670191,-0.04286812499988013
300,4,606,0.0,0.0,0.0002791562500482625,0.0004006919724222069,0.006284778229171617,-0.0010000000000000009,0.0036018632111023408,-0.03951187499988784
300,4,707,0.0,0.0,0.0007590312500478369,0.0006266747976221843,0.006058703511879426,-0.003500000000000003,0.0036380508287194857,-0.04134499999988406
300,4,808,0.0,0.0,2.1643750054978206e-05,0.001964819971811027,0.004906816662739066,-0.0040000000000000036,8.111149619338676e-05,-0.04150187499988223
300,4,909,0.0,0.0,9.030625005046478e-05,0.0033749598935562397,0.007043965608123481,-0.007500000000000007,0.0031276855807149673,-0.04313937499987952
300,4,1010,0.0,0.0,0.0005678250000505924,0.0028358701740474057,0.0075937489877020425,-0.005500000000000005,0.0024784561784088055,-0.0433631249998786
300,6,101,0.0,0.0,-0.00910510833326783,0.00528123234115957,0.0037254692824265634,-0.0021666666666667056,5.642902053182297e-06,-0.005989653431859532
300,6,202,0.0,0.0,-0.008921287499930153,0.002418142914496546,0.0037303186960446766,0.003833333333333397,1.0902160518355686e-05,-0.00472052824140734
300,6,303,0.0,0.0,-0.009063291666595474,0.001877612256540706,0.00646009895606281,0.0030000000000000027,2.7465279259786257e-06,-0.005189318956989708
300,6,404,0.0,0.0,-0.009338783333260992,0.002500180300839705,0.006624443248164247,-0.0033333333333332993,-1.348630194542011e-05,-0.004701077803797249
300,6,505,0.0,0.0,-0.008956229166602547,0.0017680730494671892,0.0028230593491570533,0.0043333333333333,9.403961882981093e-06,-0.006125841750669436
300,6,606,0.0,0.0,-0.008928170833269689,0.00010266286667809377,0.0035208460080932147,0.0031666666666665955,1.910541996608117e-06,-0.0061638999788160564
300,6,707,0.0,0.0,-0.009533170833263438,0.003531294513894001,0.005374991142607866,0.0015000000000000013,-8.00689335989091e-06,-0.004705634633026867
300,6,808,0.0,0.0,-0.008953962499932078,0.0034796050735715345,0.006078836134137622,0.002666666666666595,1.413785490456121e-06,-0.0059781052629829246
300,6,909,0.0,0.0,-0.009433608333265897,-0.00042356203654869695,-0.0001843395372033152,-0.0006666666666667043,2.0809743261906988e-07,-0.00586462367384144
300,6,1010,0.0,0.0,-0.009070399999934198,0.0031561465308742043,0.0028549789314271656,0.0020000000000000018,8.93003532809189e-06,-0.006165971256200553
300,8,101,0.0,0.0,-0.010281199999948698,-0.019300985772454704,0.0030539560046359826,-0.004375000000000004,8.628257300813402e-05,-0.011731944400265704
300,8,202,0.0,0.0,-0.010732453124947416,-0.01924155251599141,0.0008274981699302186,-0.003124999999999989,1.2396753092502877e-05,-0.01092188933510918
300,8,303,0.0,0.0,-0.010620190624949677,-0.01596480864494687,0.004775671277675975,-0.003249999999999989,6.976755067000795e-06,-0.01130561912005601
300,8,404,0.0,0.0,-0.01075880312494193,-0.019141184718795834,0.002077307456092914,-0.001999999999999988,1.5337364345668902e-05,-0.011767955800893737
300,8,505,0.0,0.0,-0.010662840624944936,-0.019216179504018605,0.00444199418548441,-0.005624999999999991,7.505782235739389e-07,-0.011330792440637394
300,8,606,0.0,0.0,-0.01022544999994579,-0.01600767930334268,0.003910303377392621,-0.004250000000000004,0.00011268377258488727,-0.012085781808685359
300,8,707,0.0,0.0,-0.010299503124945653,-0.017065874993657137,0.006385910140008444,-0.006875000000000006,-1.4449976063701797e-05,-0.011651983079210781
300,8,808,0.0,0.0,-0.010556299999946672,-0.016823484704968805,0.004142822800530577,-0.0036250000000000032,2.9281448192364223e-05,-0.01215400723375526
300,8,909,0.0,0.0,-0.010373309374949624,-0.019056646770036767,0.004234666298385981,-0.008249999999999993,-2.4655801418305145e-05,-0.011491487668849443
300,8,1010,0.0,0.0,-0.010842587499948042,-0.022416642676270193,0.0019379348965810062,-0.00449999999999999,-7.96761604533458e-05,-0.011891299513778097
300,10,101,0.0,0.0,-0.0036896499999187204,-0.009399788067059711,0.0012291079224774348,-0.000999999999999994,-0.0001732373003520138,-0.004264511201527821
300,10,202,0.0,0.0,-0.0040970224999048455,-0.009430308366053297,0.002145774857029492,-0.0020999999999999977,2.5504974871637387e-05,-0.0036980988591989172
300,10,303,0.0,0.0,-0.004520089999906496,-0.009256831869237703,0.0013553685193047338,-0.0020000000000000018,0.0003199739275530078,-0.004096293270581142
300,10,404,0.0,0.0,-0.0039890849999135725,-0.010186431181229971,0.0015686341905420953,-0.00789999999999999,-4.1321848335940103e-05,-0.003793304886610005
300,10,505,0.0,0.0,-0.0038348574999190754,-0.008373565470347732,0.0025267656721852383,0.0,0.0001843656931868054,-0.004105852417199518
300,10,606,0.0,0.0,-0.0037908524999166193,-0.009869856721082093,0.0008452033378363311,-0.001999999999999995,-8.426529255700643e-06,-0.0035818501259328173
300,10,707,0.0,0.0,-0.0037019524999134523,-0.007509534507160576,0.0026357414752047337,0.0,8.984963809410829e-05,-0.003379797979692345
300,10,808,0.0,0.0,-0.0037161274999123473,-0.009849555556810496,-0.0004717833777652114,0.0,4.393295409244047e-05,-0.0034529740720814495
300,10,909,0.0,0.0,-0.004080432499910414,-0.008297921270160769,4.0108634558166933e-05,0.0,5.440836879699873e-06,-0.004503715431056987
300,10,1010,0.0,0.0,-0.004070382499909431,-0.010653736950386794,0.000997354033543063,-0.0020000000000000018,-0.00010591078444122104,-0.004130976602121361
