period_ms,stratum,metric,cooling_minus_control,ci95_low,ci95_high,independent_seed_units
60,period_60ms,mandatory_rejection_ratio,0.0,0.0,0.0,10
60,period_60ms,admitted_mandatory_violation_ratio,0.0,0.0,0.0,10
60,period_60ms,historical_coverage_adjusted_dice,3.753968750005998e-06,2.9869434902591935e-06,4.520994009752802e-06,10
60,period_60ms,mean_complete_image_dice,5.8799014997275995e-06,-1.0101367273240927e-05,2.1861170272696126e-05,10
60,period_60ms,pixel_defect_recall,-1.4963360276010543e-05,-2.505589829569556e-05,-4.870822256325527e-06,10
60,period_60ms,image_complete_miss_rate,1.250000000000695e-05,-1.6526324116977144e-05,4.152632411699105e-05,10
60,period_60ms,peak_modeled_temperature,-0.0019317255067218043,-0.002470657953678886,-0.0013927930597647225,10
60,period_60ms,mean_voltage,-0.0004028571428572686,-0.00041643767125937504,-0.0003892766144551622,10
80,period_80ms,mandatory_rejection_ratio,0.0,0.0,0.0,10
80,period_80ms,admitted_mandatory_violation_ratio,0.0,0.0,0.0,10
80,period_80ms,historical_coverage_adjusted_dice,0.0,0.0,0.0,10
80,period_80ms,mean_complete_image_dice,0.0,0.0,0.0,10
80,period_80ms,pixel_defect_recall,0.0,0.0,0.0,10
80,period_80ms,image_complete_miss_rate,0.0,0.0,0.0,10
80,period_80ms,peak_modeled_temperature,0.00012160421268561094,0.00011714578272152867,0.00012606264264969323,10
80,period_80ms,mean_voltage,-0.0003675812500000819,-0.0003788472745499774,-0.0003563152254501864,10
100,period_100ms,mandatory_rejection_ratio,0.0,0.0,0.0,10
100,period_100ms,admitted_mandatory_violation_ratio,0.0,0.0,0.0,10
100,period_100ms,historical_coverage_adjusted_dice,-2.6169296875126756e-05,-4.712903073690669e-05,-5.209563013346824e-06,10
100,period_100ms,mean_complete_image_dice,-8.77324694636656e-05,-0.00018692177750661475,1.1456838579283548e-05,10
100,period_100ms,pixel_defect_recall,-1.8351827939066048e-05,-6.392466748650351e-05,2.7221011608371412e-05,10
100,period_100ms,image_complete_miss_rate,7.708333333334844e-05,-3.075932171184329e-05,0.00018492598837854015,10
100,period_100ms,peak_modeled_temperature,-4.2541806263507453e-05,-0.00010318583983529497,1.8102227308280072e-05,10
100,period_100ms,mean_voltage,-0.00024982500000025334,-0.0002967382209579101,-0.00020291177904259656,10
150,period_150ms,mandatory_rejection_ratio,0.0,0.0,0.0,10
150,period_150ms,admitted_mandatory_violation_ratio,0.0,0.0,0.0,10
150,period_150ms,historical_coverage_adjusted_dice,-0.001997942750004997,-0.002098375854548751,-0.0018975096454612427,10
150,period_150ms,mean_complete_image_dice,-0.003818218998964576,-0.004427962994811309,-0.003208475003117842,10
150,period_150ms,pixel_defect_recall,0.0009595797030389413,0.0006566579870472126,0.00126250141903067,10
150,period_150ms,image_complete_miss_rate,-0.0011749999999999961,-0.0017311296112972044,-0.0006188703887027879,10
150,period_150ms,peak_modeled_temperature,4.753070054555053e-05,3.735733490766524e-05,5.770406618343582e-05,10
150,period_150ms,mean_voltage,-0.003916170658671591,-0.004411730865642243,-0.0034206104517009394,10
200,period_200ms,mandatory_rejection_ratio,0.0,0.0,0.0,10
200,period_200ms,admitted_mandatory_violation_ratio,0.0,0.0,0.0,10
200,period_200ms,historical_coverage_adjusted_dice,-0.0034949399999998658,-0.003703096617545519,-0.0032867833824542125,10
200,period_200ms,mean_complete_image_dice,-0.0036375256143459296,-0.004354276145565933,-0.0029207750831259263,10
200,period_200ms,pixel_defect_recall,0.0014618635484634935,0.0010405789507514905,0.0018831481461754965,10
200,period_200ms,image_complete_miss_rate,0.0002583333333333321,-0.0003277861248124598,0.000844452791479124,10
200,period_200ms,peak_modeled_temperature,1.12471553592286e-05,4.926687756013124e-07,2.200164194285589e-05,10
200,period_200ms,mean_voltage,-0.004086817020858039,-0.00448684127781927,-0.0036867927638968073,10
250,period_250ms,mandatory_rejection_ratio,0.0,0.0,0.0,10
250,period_250ms,admitted_mandatory_violation_ratio,0.0,0.0,0.0,10
250,period_250ms,historical_coverage_adjusted_dice,-0.004487620520825597,-0.004702941908914677,-0.004272299132736518,10
250,period_250ms,mean_complete_image_dice,-0.0031898127222916295,-0.0038374964162766105,-0.0025421290283066484,10
250,period_250ms,pixel_defect_recall,0.0017390077084520534,0.001066679806878246,0.002411335610025861,10
250,period_250ms,image_complete_miss_rate,-0.0023625000000000035,-0.0030998378782888672,-0.0016251621217111397,10
250,period_250ms,peak_modeled_temperature,-1.7807398186064915e-05,-6.88825213590438e-05,3.326772498691397e-05,10
250,period_250ms,mean_voltage,-0.008013192843472312,-0.008538827866915248,-0.007487557820029375,10
300,period_300ms,mandatory_rejection_ratio,0.0,0.0,0.0,10
300,period_300ms,admitted_mandatory_violation_ratio,0.0,0.0,0.0,10
300,period_300ms,historical_coverage_adjusted_dice,-0.005821039749935286,-0.005914166195159396,-0.005727913304711176,10
300,period_300ms,mean_complete_image_dice,-0.005820485491854867,-0.006253755987867738,-0.005387214995841996,10
300,period_300ms,pixel_defect_recall,0.0038621669713279905,0.003263084064890842,0.004461249877765139,10
300,period_300ms,image_complete_miss_rate,-0.00246354166666667,-0.003246336248500798,-0.0016807470848325416,10
300,period_300ms,peak_modeled_temperature,0.0007769115030193064,0.0005750654126917713,0.0009787575933468415,10
300,period_300ms,mean_voltage,-0.015704104130891416,-0.016036830974008556,-0.015371377287774275,10
