configuration,level,period_ms,lines,seed,epochs,task_set_accepted,cluster_capacity_gpu0,cluster_capacity_gpu1,assigned_per_slice_gpu0,assigned_per_slice_gpu1,selected_voltage_gpu0,selected_voltage_gpu1,mandatory_released,mandatory_unique_terminal_uids,mandatory_pre_reject,mandatory_wait_expire,mandatory_late_complete,mandatory_on_time,mandatory_terminal_residual,mandatory_pre_rejection_rate,mandatory_admitted_dmr,mandatory_service_failure_rate,mandatory_terminal_table_sha256,images,defective_images,mean_complete_image_dice,completed_only_images,mean_completed_only_dice,pixel_defect_recall,pixel_missed_detection_rate,image_complete_miss_rate,optimism_gap,average_temperature_c,iit_celsius_seconds,peak_temperature_c,observation_horizon_s
HEAT-adapted-L3,3,100,1,101,1000,True,8,4,4,0,0.6,0.6,1000,1000,0,0,0,1000,0,0.0,0.0,0.0,6ac51aab4d150780d3439cf00afaf583d70db4b893655d94db17c09df319db51,1000,1000,0.5365712329758283,1000,0.5365712329758283,0.6530537993946778,0.3469462006053222,0.056,0.0,29.900949892029736,0.0,29.99983392645314,99.96560000000002
HEAT-adapted-L3,3,100,1,202,1000,True,8,4,4,0,0.6,0.6,1000,1000,0,0,0,1000,0,0.0,0.0,0.0,0c34f3e13d8308bf40c23f0ca6dcdf135ccbb66ffe66ceab1caadb6e6eb098d8,1000,1000,0.536571232975828,1000,0.536571232975828,0.6530537993946778,0.3469462006053222,0.056,0.0,29.900949892029736,0.0,29.99983392645314,99.96560000000002
HEAT-adapted-L3,3,100,1,303,1000,True,8,4,4,0,0.6,0.6,1000,1000,0,0,0,1000,0,0.0,0.0,0.0,66a98f637c75567563ad46d129f3407e53c7bbc517b0cd0bde2b18c645ee7a2d,1000,1000,0.5365712329758279,1000,0.5365712329758279,0.6530537993946778,0.3469462006053222,0.056,0.0,29.900949892029736,0.0,29.99983392645314,99.96560000000002
HEAT-adapted-L3,3,100,1,404,1000,True,8,4,4,0,0.6,0.6,1000,1000,0,0,0,1000,0,0.0,0.0,0.0,c27abe4e1447bbea6951f3eb794e5f26c732b3ea6f1193f7d053db40c53467bf,1000,1000,0.5365712329758285,1000,0.5365712329758285,0.6530537993946778,0.3469462006053222,0.056,0.0,29.900949892029736,0.0,29.99983392645314,99.96560000000002
HEAT-adapted-L3,3,100,1,505,1000,True,8,4,4,0,0.6,0.6,1000,1000,0,0,0,1000,0,0.0,0.0,0.0,be7fdca06c8e45ae849176eef8723c09a2796b7e144eec1e5eb6ba31054e3907,1000,1000,0.5365712329758282,1000,0.5365712329758282,0.6530537993946778,0.3469462006053222,0.056,0.0,29.900949892029736,0.0,29.99983392645314,99.96560000000002
HEAT-adapted-L3,3,100,1,606,1000,True,8,4,4,0,0.6,0.6,1000,1000,0,0,0,1000,0,0.0,0.0,0.0,cc9b2f6cc1a487e7d68a83ab26f74558f15f45ebde8d0eb83a31b595f392667e,1000,1000,0.536571232975828,1000,0.536571232975828,0.6530537993946778,0.3469462006053222,0.056,0.0,29.900949892029736,0.0,29.99983392645314,99.96560000000002
HEAT-adapted-L3,3,100,1,707,1000,True,8,4,4,0,0.6,0.6,1000,1000,0,0,0,1000,0,0.0,0.0,0.0,1e26a40d4c0601cc823cbcfa6ebd2c31aae7a1631b5966d062dde384a81ef809,1000,1000,0.5365712329758276,1000,0.5365712329758276,0.6530537993946778,0.3469462006053222,0.056,0.0,29.900949892029736,0.0,29.99983392645314,99.96560000000002
HEAT-adapted-L3,3,100,1,808,1000,True,8,4,4,0,0.6,0.6,1000,1000,0,0,0,1000,0,0.0,0.0,0.0,ab2c46af1d990767f219f15ecb402c7d5ca445a07d3bc1b2d03f779e8c09a4e2,1000,1000,0.5365712329758288,1000,0.5365712329758288,0.6530537993946778,0.3469462006053222,0.056,0.0,29.900949892029736,0.0,29.99983392645314,99.96560000000002
HEAT-adapted-L3,3,100,1,909,1000,True,8,4,4,0,0.6,0.6,1000,1000,0,0,0,1000,0,0.0,0.0,0.0,5a16d327ea81097198a294b2cafe06be1eb224b85da1e85206567abaaaac64aa,1000,1000,0.5365712329758284,1000,0.5365712329758284,0.6530537993946778,0.3469462006053222,0.056,0.0,29.900949892029736,0.0,29.99983392645314,99.96560000000002
HEAT-adapted-L3,3,100,1,1010,1000,True,8,4,4,0,0.6,0.6,1000,1000,0,0,0,1000,0,0.0,0.0,0.0,00be7c79fb8349981d4e93a6c648020556fba1df22a672b872fbc8be2aaa8d4a,1000,1000,0.5365712329758278,1000,0.5365712329758278,0.6530537993946778,0.3469462006053222,0.056,0.0,29.900949892029736,0.0,29.99983392645314,99.96560000000002
HEAT-adapted-L3,3,100,2,101,1000,True,8,4,8,0,0.8,0.6,2000,2000,0,0,0,2000,0,0.0,0.0,0.0,8a902cb9546a2980b0c6a0dc031a1dbc812a1d51d21dd7ecebf77a89fda97144,2000,2000,0.5365712329758285,2000,0.5365712329758285,0.6530537993946778,0.3469462006053222,0.056,0.0,44.369277942625075,0.0,59.53167360482093,99.99839999999998
HEAT-adapted-L3,3,100,2,202,1000,True,8,4,8,0,0.8,0.6,2000,2000,0,0,0,2000,0,0.0,0.0,0.0,9e8159dd4639bfb7b1b27b488f340f9f9671ef3a463e20ad80cab5d8ca142a86,2000,2000,0.5365712329758292,2000,0.5365712329758292,0.6530537993946778,0.3469462006053222,0.056,0.0,44.369277942625075,0.0,59.53167360482093,99.99839999999998
HEAT-adapted-L3,3,100,2,303,1000,True,8,4,8,0,0.8,0.6,2000,2000,0,0,0,2000,0,0.0,0.0,0.0,90ef0180d69508a1e4f4a182fc80c762f6d208ea9b12a09d3ed55cb28c127428,2000,2000,0.5365712329758291,2000,0.5365712329758291,0.6530537993946778,0.3469462006053222,0.056,0.0,44.369277942625075,0.0,59.53167360482093,99.99839999999998
HEAT-adapted-L3,3,100,2,404,1000,True,8,4,8,0,0.8,0.6,2000,2000,0,0,0,2000,0,0.0,0.0,0.0,250b8d9a9cd8daf0f0b2ab8ca82a0d7cccb6c50e8f2cedc26abaec5226809e0a,2000,2000,0.5365712329758293,2000,0.5365712329758293,0.6530537993946778,0.3469462006053222,0.056,0.0,44.369277942625075,0.0,59.53167360482093,99.99839999999998
HEAT-adapted-L3,3,100,2,505,1000,True,8,4,8,0,0.8,0.6,2000,2000,0,0,0,2000,0,0.0,0.0,0.0,b5b536eea3abb8696dab499d88b7d75184b09ca1328d0c7e57ab8996acaf75e2,2000,2000,0.5365712329758292,2000,0.5365712329758292,0.6530537993946778,0.3469462006053222,0.056,0.0,44.369277942625075,0.0,59.53167360482093,99.99839999999998
HEAT-adapted-L3,3,100,2,606,1000,True,8,4,8,0,0.8,0.6,2000,2000,0,0,0,2000,0,0.0,0.0,0.0,24a0237027bbc16cbcc9d138102a9223a2f90b693fe6b8db81048e09b3617910,2000,2000,0.5365712329758294,2000,0.5365712329758294,0.6530537993946778,0.3469462006053222,0.056,0.0,44.369277942625075,0.0,59.53167360482093,99.99839999999998
HEAT-adapted-L3,3,100,2,707,1000,True,8,4,8,0,0.8,0.6,2000,2000,0,0,0,2000,0,0.0,0.0,0.0,4a967263361b7e51b5681b694a053267214138726c65a45b1ff59f3bd67c22fb,2000,2000,0.5365712329758289,2000,0.5365712329758289,0.6530537993946778,0.3469462006053222,0.056,0.0,44.369277942625075,0.0,59.53167360482093,99.99839999999998
HEAT-adapted-L3,3,100,2,808,1000,True,8,4,8,0,0.8,0.6,2000,2000,0,0,0,2000,0,0.0,0.0,0.0,4e5435fbe4b03a4db187eb9f1e0de08844b0f25bae8ed61067ce7a0abc6b96f1,2000,2000,0.5365712329758291,2000,0.5365712329758291,0.6530537993946778,0.3469462006053222,0.056,0.0,44.369277942625075,0.0,59.53167360482093,99.99839999999998
HEAT-adapted-L3,3,100,2,909,1000,True,8,4,8,0,0.8,0.6,2000,2000,0,0,0,2000,0,0.0,0.0,0.0,4c073f4cf468cbb850b36b9711679f45afb6a7cc5950873850a3a89571bde4b2,2000,2000,0.5365712329758292,2000,0.5365712329758292,0.6530537993946778,0.3469462006053222,0.056,0.0,44.369277942625075,0.0,59.53167360482093,99.99839999999998
HEAT-adapted-L3,3,100,2,1010,1000,True,8,4,8,0,0.8,0.6,2000,2000,0,0,0,2000,0,0.0,0.0,0.0,5e06110c83c0ce77774d11f11f1018fce76247cb9b003eaf9c7f7152bf7d8cf9,2000,2000,0.5365712329758292,2000,0.5365712329758292,0.6530537993946778,0.3469462006053222,0.056,0.0,44.369277942625075,0.0,59.53167360482093,99.99839999999998
HEAT-adapted-L3,3,100,3,101,1000,True,8,4,8,4,0.8,0.85,3000,3000,0,0,0,3000,0,0.0,0.0,0.0,eb2c76b67cb91b7f879314a440f0983422b29f6cbdc9a67afbd7bfb4e88943db,3000,3000,0.536571232975828,3000,0.536571232975828,0.6530537993946778,0.3469462006053222,0.056,0.0,63.05730740129187,769.9853456331915,68.1813723906393,99.99839999999998
HEAT-adapted-L3,3,100,3,202,1000,True,8,4,8,4,0.8,0.85,3000,3000,0,0,0,3000,0,0.0,0.0,0.0,574dbe04aa86b8ad2d090e5155e2fe57cbffd7740426cc59057769cec85fed06,3000,3000,0.5365712329758282,3000,0.5365712329758282,0.6530537993946778,0.3469462006053222,0.056,0.0,63.05730740129187,769.9853456331915,68.1813723906393,99.99839999999998
HEAT-adapted-L3,3,100,3,303,1000,True,8,4,8,4,0.8,0.85,3000,3000,0,0,0,3000,0,0.0,0.0,0.0,f773ac8f0e7faddd64299156c7ef55ceec00a44c1e559857c1a968352ef07a64,3000,3000,0.5365712329758283,3000,0.5365712329758283,0.6530537993946778,0.3469462006053222,0.056,0.0,63.05730740129187,769.9853456331915,68.1813723906393,99.99839999999998
HEAT-adapted-L3,3,100,3,404,1000,True,8,4,8,4,0.8,0.85,3000,3000,0,0,0,3000,0,0.0,0.0,0.0,751f2fc14e742feecb2fcd4ce35e4622e0aac8b9c422223d0eac1c5828f0e0cf,3000,3000,0.536571232975828,3000,0.536571232975828,0.6530537993946778,0.3469462006053222,0.056,0.0,63.05730740129187,769.9853456331915,68.1813723906393,99.99839999999998
HEAT-adapted-L3,3,100,3,505,1000,True,8,4,8,4,0.8,0.85,3000,3000,0,0,0,3000,0,0.0,0.0,0.0,c7b00ae78066a54bbbf257d1991d51f6ed6b464b7aed3356a32028d136e97439,3000,3000,0.536571232975828,3000,0.536571232975828,0.6530537993946778,0.3469462006053222,0.056,0.0,63.05730740129187,769.9853456331915,68.1813723906393,99.99839999999998
HEAT-adapted-L3,3,100,3,606,1000,True,8,4,8,4,0.8,0.85,3000,3000,0,0,0,3000,0,0.0,0.0,0.0,475091c4ff3ed3785798d7589c4c0f2418110e835b7a7e9dbb2328b62c74009f,3000,3000,0.5365712329758281,3000,0.5365712329758281,0.6530537993946778,0.3469462006053222,0.056,0.0,63.05730740129187,769.9853456331915,68.1813723906393,99.99839999999998
HEAT-adapted-L3,3,100,3,707,1000,True,8,4,8,4,0.8,0.85,3000,3000,0,0,0,3000,0,0.0,0.0,0.0,a0b1dbd4e973e6d46874f8a5551520ab3ad5116da11e042be5a564c87de45bf7,3000,3000,0.5365712329758281,3000,0.5365712329758281,0.6530537993946778,0.3469462006053222,0.056,0.0,63.05730740129187,769.9853456331915,68.1813723906393,99.99839999999998
HEAT-adapted-L3,3,100,3,808,1000,True,8,4,8,4,0.8,0.85,3000,3000,0,0,0,3000,0,0.0,0.0,0.0,fc08d1caa9a2e8ddc3fde96bb5ae23d8bdd125f05e675fee55b81ea115134eb0,3000,3000,0.5365712329758283,3000,0.5365712329758283,0.6530537993946778,0.3469462006053222,0.056,0.0,63.05730740129187,769.9853456331915,68.1813723906393,99.99839999999998
HEAT-adapted-L3,3,100,3,909,1000,True,8,4,8,4,0.8,0.85,3000,3000,0,0,0,3000,0,0.0,0.0,0.0,e2d5d9fb745d9d5fc3924f888ab2753ecd3ac2ca29b0eaf8daef3034a541ed87,3000,3000,0.5365712329758284,3000,0.5365712329758284,0.6530537993946778,0.3469462006053222,0.056,0.0,63.05730740129187,769.9853456331915,68.1813723906393,99.99839999999998
HEAT-adapted-L3,3,100,3,1010,1000,True,8,4,8,4,0.8,0.85,3000,3000,0,0,0,3000,0,0.0,0.0,0.0,7981d47039e8da40b39b8f2812829366c2cab7dca730a789d0bc9dabab6c68e4,3000,3000,0.536571232975828,3000,0.536571232975828,0.6530537993946778,0.3469462006053222,0.056,0.0,63.05730740129187,769.9853456331915,68.1813723906393,99.99839999999998
HEAT-adapted-L3,3,100,4,101,1000,False,8,4,8,8,,,4000,4000,4000,0,0,0,0,1.0,0.0,1.0,601c090754be060175b799d9ac35cc5c93078c2d4e2faf4d5d82bddc5fcbd2d7,4000,4000,0.0,0,,0.0,1.0,1.0,,,,,
HEAT-adapted-L3,3,100,4,202,1000,False,8,4,8,8,,,4000,4000,4000,0,0,0,0,1.0,0.0,1.0,3bf34e6a675f5a485e3afe9753ad06aada39494cbc0f698ab1fa1ef8b053a68c,4000,4000,0.0,0,,0.0,1.0,1.0,,,,,
HEAT-adapted-L3,3,100,4,303,1000,False,8,4,8,8,,,4000,4000,4000,0,0,0,0,1.0,0.0,1.0,5b5204aa40274f55eabfc719b4cfbfe8f8f97154b5b6534f65702a209acc76f3,4000,4000,0.0,0,,0.0,1.0,1.0,,,,,
HEAT-adapted-L3,3,100,4,404,1000,False,8,4,8,8,,,4000,4000,4000,0,0,0,0,1.0,0.0,1.0,d3f31fa35035fc27eaa62392e92da5e6867d332e5b50ead9b1f21d7d2839db91,4000,4000,0.0,0,,0.0,1.0,1.0,,,,,
HEAT-adapted-L3,3,100,4,505,1000,False,8,4,8,8,,,4000,4000,4000,0,0,0,0,1.0,0.0,1.0,1f930173f9a540b6a81a5f4c9a92bcf96a7e272b0a5a803a971d724830e7b9e7,4000,4000,0.0,0,,0.0,1.0,1.0,,,,,
HEAT-adapted-L3,3,100,4,606,1000,False,8,4,8,8,,,4000,4000,4000,0,0,0,0,1.0,0.0,1.0,88ac011f74d67a7a127d4268488cc9ae744fc3f6dd564ce34835eeb0f342ed1b,4000,4000,0.0,0,,0.0,1.0,1.0,,,,,
HEAT-adapted-L3,3,100,4,707,1000,False,8,4,8,8,,,4000,4000,4000,0,0,0,0,1.0,0.0,1.0,c8041b8c8290a2316f6d682985adf3dc3a1e36b8026fd129ce9b99710ddc8590,4000,4000,0.0,0,,0.0,1.0,1.0,,,,,
HEAT-adapted-L3,3,100,4,808,1000,False,8,4,8,8,,,4000,4000,4000,0,0,0,0,1.0,0.0,1.0,6c88ff4f611e71588914754fbdf8282edf55a61154850961e000c09460dfcd18,4000,4000,0.0,0,,0.0,1.0,1.0,,,,,
HEAT-adapted-L3,3,100,4,909,1000,False,8,4,8,8,,,4000,4000,4000,0,0,0,0,1.0,0.0,1.0,5332e70b0e24104d9f4afb9ae1fea7b7e5beac74369e3159905e26d8f2630bd3,4000,4000,0.0,0,,0.0,1.0,1.0,,,,,
HEAT-adapted-L3,3,100,4,1010,1000,False,8,4,8,8,,,4000,4000,4000,0,0,0,0,1.0,0.0,1.0,4177fe6ff7861514a18c0fe2f5e2e16e6d503b55254b6c3e65ff969d79f2abd3,4000,4000,0.0,0,,0.0,1.0,1.0,,,,,
