strategy,period_ms,mandatory_service_failure,mean_complete_image_dice,pixel_defect_recall,image_complete_miss_rate
calibrated_histogram,100,0.1625,0.27295300345509094,0.330260635787524,0.37373375
calibrated_histogram,150,0.0,0.3689115353201006,0.4685635330229818,0.2077379166666667
calibrated_histogram,200,0.0,0.43827527734251276,0.5853732205743009,0.111929375
calibrated_histogram,250,0.0,0.4697311498304176,0.6300090136930131,0.08004479166666664
calibrated_histogram,300,0.0,0.4841069941184476,0.6367052957234931,0.07078395833333333
defect_oracle,100,0.1625,0.4287728652511338,0.4977963066848713,0.18553395833333333
defect_oracle,150,0.0,0.5044826771300873,0.5886028595264587,0.07097729166666666
defect_oracle,200,0.0,0.5155353817837669,0.6288162541690876,0.06628020833333334
defect_oracle,250,0.0,0.5163991586795429,0.6270351712634986,0.066625625
defect_oracle,300,0.0,0.5182270097233712,0.6307959639649278,0.066025
random_frozen,100,0.1625,0.242595280222797,0.3077271235918807,0.4368120833333333
random_frozen,150,0.0,0.34057888585498286,0.44390475934194196,0.256240625
random_frozen,200,0.0,0.41741434664915616,0.5619386503224668,0.13602729166666666
random_frozen,250,0.0,0.45737725280302577,0.6137562255978675,0.08687645833333332
random_frozen,300,0.0,0.47664074859320155,0.6278052913741323,0.07020895833333332
