image_id,class_index,component_label,tp,fp,fn,roi_dice,pixel_recall,any_overlap,iou10,partition
55d87ed7a.jpg,2,4,144,2,579,0.33141542002301494,0.1991701244813278,1,1,mild_overlap_4x416
55d87ed7a.jpg,2,10,525,47,1770,0.36623648412975235,0.22875816993464052,1,1,mild_overlap_4x416
5c876d114.jpg,2,1,68266,22909,632,0.8529358480193412,0.9908270196522395,1,1,mild_overlap_4x416
5c876d114.jpg,2,2,13995,3552,1963,0.835397701835547,0.8769895976939466,1,1,mild_overlap_4x416
9b2801e98.jpg,2,1,4654,580,804,0.8705574261129817,0.8526932942469769,1,1,mild_overlap_4x416
d806c4bd6.jpg,0,1,2367,648,3304,0.5450149666129404,0.41738670428495855,1,1,mild_overlap_4x416
60fb3a793.jpg,2,1,618,2279,76,0.3441938178780284,0.8904899135446686,1,1,mild_overlap_4x416
60fb3a793.jpg,2,2,1575,1535,176,0.648014811767126,0.8994860079954312,1,1,mild_overlap_4x416
cc69501eb.jpg,2,3,4315,605,293,0.9057514693534845,0.9364149305555556,1,1,mild_overlap_4x416
683ad3cc1.jpg,0,7,382,95,719,0.4841571609632446,0.3469573115349682,1,1,mild_overlap_4x416
9c33cdef5.jpg,2,1,4610,143,1694,0.8338609025956407,0.7312817258883249,1,1,mild_overlap_4x416
171c64a72.jpg,2,2,22004,7459,1145,0.8364631642971185,0.9505378202082163,1,1,mild_overlap_4x416
711d59ca6.jpg,2,4,4189,607,658,0.8688167582702478,0.8642459253146276,1,1,mild_overlap_4x416
6dfd81e89.jpg,2,1,1890,670,900,0.7065420560747664,0.6774193548387096,1,1,mild_overlap_4x416
ae9976755.jpg,2,1,8048,894,1517,0.8697249689306749,0.8414009409304757,1,1,mild_overlap_4x416
ae9976755.jpg,2,2,27690,697,1152,0.9676912055076972,0.9600582483877679,1,1,mild_overlap_4x416
5feafe9c5.jpg,2,1,37098,7855,23296,0.7043010242341975,0.6142663178461436,1,1,mild_overlap_4x416
5feafe9c5.jpg,2,5,172,114,683,0.30148992112182293,0.20116959064327486,1,1,mild_overlap_4x416
c3429572b.jpg,2,1,97186,17490,7266,0.8870249351976927,0.930436947114464,1,1,mild_overlap_4x416
6343860bc.jpg,2,2,93557,17336,23339,0.8214356268300927,0.800343895428415,1,1,mild_overlap_4x416
6343860bc.jpg,2,4,10184,17850,61,0.5320933148723843,0.9940458760370913,1,1,mild_overlap_4x416
a5f996baa.jpg,2,1,62703,7844,3371,0.9179115948499864,0.9489814450464631,1,1,mild_overlap_4x416
a5f996baa.jpg,2,3,25376,6948,4862,0.8112272625555449,0.8392089423903697,1,1,mild_overlap_4x416
a5f996baa.jpg,2,4,27500,8112,2384,0.8397459386832784,0.9202248694953822,1,1,mild_overlap_4x416
7cb5bd6f1.jpg,3,1,18989,3712,2419,0.8610034233376408,0.8870048579970105,1,1,mild_overlap_4x416
9c4c38dab.jpg,2,1,23679,11158,17654,0.6217408428515163,0.5728836522875185,1,1,mild_overlap_4x416
bdd1c7fa8.jpg,2,2,4753,2210,2598,0.6641050719575241,0.6465786967759488,1,1,mild_overlap_4x416
a369c5c1f.jpg,2,2,7747,60,4732,0.7637779749580992,0.6208029489542432,1,1,mild_overlap_4x416
1f7e9363d.jpg,2,1,12527,3181,1194,0.8513371164497604,0.9129801034909992,1,1,mild_overlap_4x416
1f7e9363d.jpg,2,3,7592,3252,872,0.7864097783302259,0.8969754253308129,1,1,mild_overlap_4x416
1f7e9363d.jpg,2,5,3376,3114,258,0.6669300671671277,0.9290038525041276,1,1,mild_overlap_4x416
1f7e9363d.jpg,2,6,4834,465,2097,0.7905151267375307,0.6974462559515221,1,1,mild_overlap_4x416
86756300d.jpg,3,1,38911,2338,54541,0.5777388438096228,0.4163741813979369,1,1,mild_overlap_4x416
1d7f89efa.jpg,2,3,0,744,910,0.0,0.0,0,0,mild_overlap_4x416
1d7f89efa.jpg,3,3,8965,4340,1378,0.7582036535859269,0.8667697959972929,1,1,mild_overlap_4x416
594303084.jpg,2,2,9591,7757,416,0.7012246390056662,0.9584290996302588,1,1,mild_overlap_4x416
0f4a022fd.jpg,2,1,39831,4743,0,0.9438066465256798,1.0,1,1,mild_overlap_4x416
45b099b06.jpg,2,1,20890,788,2060,0.9361835618893968,0.910239651416122,1,1,mild_overlap_4x416
79d28bbe8.jpg,2,2,2651,0,2469,0.6822802728091623,0.5177734375,1,1,mild_overlap_4x416
c0ceecd96.jpg,2,2,24430,6185,5034,0.8132625376587493,0.8291474341569373,1,1,mild_overlap_4x416
c0ceecd96.jpg,2,3,12609,291,5977,0.8009273963031188,0.6784138598945443,1,1,mild_overlap_4x416
c0ceecd96.jpg,2,4,5121,1373,4421,0.6386879521077575,0.536679941312094,1,1,mild_overlap_4x416
55c30f544.jpg,2,3,90458,9515,14303,0.8836636806783436,0.8634701845152299,1,1,mild_overlap_4x416
193884988.jpg,2,2,16287,1249,4024,0.8606758791978228,0.8018807542710846,1,1,mild_overlap_4x416
31a43a534.jpg,2,2,12562,1655,3665,0.8252529234003416,0.7741418623282184,1,1,mild_overlap_4x416
8fb4575f3.jpg,2,3,1026,1112,994,0.4935064935064935,0.5079207920792079,1,1,mild_overlap_4x416
1d66a6fb4.jpg,3,1,5781,1136,1288,0.8266838266838267,0.817796010751167,1,1,mild_overlap_4x416
1d66a6fb4.jpg,3,2,7700,4119,0,0.7889748450227984,1.0,1,1,mild_overlap_4x416
476efaa3d.jpg,2,3,4620,5912,5764,0.44176706827309237,0.4449152542372881,1,1,mild_overlap_4x416
476efaa3d.jpg,3,1,27857,1118,3828,0.9184635674249918,0.8791857345747199,1,1,mild_overlap_4x416
45b362a50.jpg,2,1,472,985,2354,0.22040625729628766,0.1670205237084218,1,1,mild_overlap_4x416
45b362a50.jpg,2,4,7,629,405,0.013358778625954198,0.01699029126213592,1,0,mild_overlap_4x416
63cf275e8.jpg,2,1,47333,12121,2391,0.867079448240488,0.9519145684176655,1,1,mild_overlap_4x416
63cf275e8.jpg,2,4,66308,15321,319,0.8945067990502914,0.9952121512299819,1,1,mild_overlap_4x416
edfc18176.jpg,2,1,4071,804,1045,0.8149334400960865,0.79573885848319,1,1,mild_overlap_4x416
9ad1ad629.jpg,2,1,24053,1386,4256,0.8950286522289201,0.8496591190080893,1,1,mild_overlap_4x416
9ad1ad629.jpg,2,3,5548,1278,1620,0.7929112476775761,0.7739955357142857,1,1,mild_overlap_4x416
98f108423.jpg,2,1,147636,1348,33740,0.8937885942608064,0.8139775935074101,1,1,mild_overlap_4x416
529b36067.jpg,2,2,3578,909,774,0.8095938454576309,0.8221507352941176,1,1,mild_overlap_4x416
8266cca81.jpg,2,3,3855,4721,149,0.6128775834658188,0.9627872127872128,1,1,mild_overlap_4x416
29ff8d6f4.jpg,2,1,3657,945,562,0.8291576918716699,0.8667930789286561,1,1,mild_overlap_4x416
9efbf2ac6.jpg,2,1,711,88,438,0.7299794661190965,0.618798955613577,1,1,mild_overlap_4x416
bca9c5489.jpg,2,2,28367,5790,3600,0.8579940717439961,0.8873838646103794,1,1,mild_overlap_4x416
bca9c5489.jpg,2,3,1018,2141,213,0.46378132118451026,0.8269699431356621,1,1,mild_overlap_4x416
b0f9fff35.jpg,2,1,2467,2382,124,0.6631720430107527,0.9521420301042068,1,1,mild_overlap_4x416
b0f9fff35.jpg,2,2,149,2070,6,0.12552653748946924,0.9612903225806452,1,0,mild_overlap_4x416
09f1605ee.jpg,3,2,1160,4326,74,0.34523809523809523,0.940032414910859,1,1,mild_overlap_4x416
208825e67.jpg,2,1,29973,3013,5020,0.8818311537386546,0.8565427371188523,1,1,mild_overlap_4x416
b68b9258c.jpg,2,5,7674,7511,464,0.6580628564078378,0.9429835340378472,1,1,mild_overlap_4x416
0ca915b9f.jpg,2,1,3323,302,2360,0.714009454232918,0.584726376913602,1,1,mild_overlap_4x416
1639cc829.jpg,2,1,0,1039,147,0.0,0.0,0,0,mild_overlap_4x416
1639cc829.jpg,2,4,1929,2463,581,0.5589684149521877,0.7685258964143427,1,1,mild_overlap_4x416
1639cc829.jpg,2,6,136,2255,38,0.10604288499025341,0.7816091954022989,1,0,mild_overlap_4x416
1e742caeb.jpg,3,2,18661,7448,222,0.8295252489331437,0.9882433935285707,1,1,mild_overlap_4x416
1e742caeb.jpg,3,5,548,344,1320,0.39710144927536234,0.29336188436830835,1,1,mild_overlap_4x416
39960c9e9.jpg,3,1,22838,4227,12067,0.7370663224140713,0.6542902163013895,1,1,mild_overlap_4x416
892321605.jpg,2,1,2090,1545,62,0.7223086227751858,0.9711895910780669,1,1,mild_overlap_4x416
1dba99dc5.jpg,2,1,138705,3036,46165,0.8493590234254205,0.7502839833396441,1,1,mild_overlap_4x416
f22da130b.jpg,3,1,36502,27112,53887,0.474042713453634,0.4038323247297791,1,1,mild_overlap_4x416
dff1d028a.jpg,2,2,7325,3744,104,0.7919775110822792,0.9860008076457127,1,1,mild_overlap_4x416
5c044192f.jpg,2,1,47372,3735,17317,0.8181975197761581,0.7323037919893645,1,1,mild_overlap_4x416
8c9286f4e.jpg,3,1,22730,1086,15198,0.7362658719875615,0.599293398017296,1,1,mild_overlap_4x416
f1becb8a5.jpg,3,2,30610,12486,62,0.8298991432599501,0.9979786124152321,1,1,mild_overlap_4x416
db17c18f9.jpg,2,1,15574,4024,1115,0.8583790338137625,0.933189526035113,1,1,mild_overlap_4x416
db17c18f9.jpg,2,2,6517,1961,1853,0.7736229819563153,0.7786140979689367,1,1,mild_overlap_4x416
e0593f542.jpg,2,1,2397,356,2273,0.6458305267412098,0.5132762312633833,1,1,mild_overlap_4x416
f46e63337.jpg,2,3,5290,260,4580,0.6861219195849546,0.53596757852077,1,1,mild_overlap_4x416
5e581254c.jpg,2,4,18,0,5771,0.006199414499741691,0.003109345310070824,1,0,mild_overlap_4x416
3b9a3ae3b.jpg,2,4,3865,3024,2966,0.5634110787172012,0.5658029571073049,1,1,mild_overlap_4x416
e32bba07f.jpg,2,1,34771,11064,3896,0.82296277011195,0.899242247911656,1,1,mild_overlap_4x416
e32bba07f.jpg,2,2,2150,2559,708,0.5682569049821594,0.7522743177046886,1,1,mild_overlap_4x416
700209a95.jpg,3,1,20302,4326,3581,0.8370060398672466,0.8500607126407905,1,1,mild_overlap_4x416
700209a95.jpg,3,2,12822,3997,13267,0.5976507877318915,0.4914715013990571,1,1,mild_overlap_4x416
2f6b7235e.jpg,2,1,0,0,2500,0.0,0.0,0,0,mild_overlap_4x416
cfe40128c.jpg,2,1,3454,1096,588,0.8040037243947858,0.8545274616526473,1,1,mild_overlap_4x416
01e020dc5.jpg,2,5,5530,11132,372,0.49016131891508596,0.9369705184683158,1,1,mild_overlap_4x416
01e020dc5.jpg,2,6,4950,19,10406,0.4870848708487085,0.3223495702005731,1,1,mild_overlap_4x416
b001f0e9b.jpg,2,1,7798,4530,3453,0.6614360235803045,0.6930939472046929,1,1,mild_overlap_4x416
3704cdfd6.jpg,0,11,54,672,482,0.08557844690966719,0.10074626865671642,1,0,mild_overlap_4x416
47aea9052.jpg,3,2,244,1749,6202,0.05782675672473042,0.03785293205088427,1,0,mild_overlap_4x416
32efbaf94.jpg,2,1,58194,26071,15322,0.737655357742694,0.7915827846999293,1,1,mild_overlap_4x416
514222386.jpg,2,1,22954,1413,1604,0.9383341849770056,0.9346852349539865,1,1,mild_overlap_4x416
90246e919.jpg,3,1,13741,11212,1670,0.6808542265384997,0.8916358445266368,1,1,mild_overlap_4x416
22bd428e0.jpg,2,2,1325,40,1001,0.7179626117583311,0.5696474634565778,1,1,mild_overlap_4x416
9ebb54e56.jpg,2,1,29931,5801,5904,0.8364469657803177,0.8352448723315195,1,1,mild_overlap_4x416
cd7d4933e.jpg,3,1,5346,4226,0,0.7167180587210081,1.0,1,1,mild_overlap_4x416
f97db2626.jpg,2,4,560,3041,11,0.2684563758389262,0.9807355516637478,1,1,mild_overlap_4x416
f97db2626.jpg,2,5,291,2615,10,0.1814780168381665,0.9667774086378738,1,0,mild_overlap_4x416
f97db2626.jpg,2,7,1371,2293,33,0.5410418310970797,0.9764957264957265,1,1,mild_overlap_4x416
5e570da14.jpg,2,2,42415,1068,7121,0.9119642223631731,0.8562459625322998,1,1,mild_overlap_4x416
d9ce68f4f.jpg,2,3,1756,2606,806,0.5072212593876372,0.6854020296643247,1,1,mild_overlap_4x416
da505edce.jpg,2,1,6007,2769,300,0.7965258900749188,0.9524338037101633,1,1,mild_overlap_4x416
5af757935.jpg,2,1,31067,28023,57,0.6887401068570288,0.9981686158591441,1,1,mild_overlap_4x416
9cfa7be25.jpg,2,3,3539,2471,0,0.7412294481097497,1.0,1,1,mild_overlap_4x416
b38f593fd.jpg,3,1,15406,7935,2,0.7951689075847118,0.9998701973001038,1,1,mild_overlap_4x416
b38f593fd.jpg,3,2,15145,10784,15504,0.5353671038212733,0.4941433651995171,1,1,mild_overlap_4x416
b38f593fd.jpg,3,7,1001,6575,67,0.23160573808422028,0.9372659176029963,1,1,mild_overlap_4x416
8e8404fe0.jpg,2,1,119673,14805,12608,0.8972368317470076,0.9046877480514964,1,1,mild_overlap_4x416
b3cea5fb4.jpg,2,1,75101,12783,4482,0.8969050618927908,0.9436814395034115,1,1,mild_overlap_4x416
fe6f8e502.jpg,2,2,764,61,643,0.6845878136200717,0.5429992892679459,1,1,mild_overlap_4x416
eb18f69ed.jpg,2,4,172,1,906,0.2749800159872102,0.15955473098330242,1,1,mild_overlap_4x416
8016e642c.jpg,2,2,53771,8331,4984,0.8898284749745567,0.9151731767509148,1,1,mild_overlap_4x416
61457b567.jpg,3,1,0,0,1208,0.0,0.0,0,0,mild_overlap_4x416
61457b567.jpg,3,2,0,0,1455,0.0,0.0,0,0,mild_overlap_4x416
c828ece4b.jpg,2,3,2701,2059,525,0.6764337590783872,0.8372597644141352,1,1,mild_overlap_4x416
0498abd18.jpg,2,1,150639,16481,10686,0.9172859991779445,0.9337610413761042,1,1,mild_overlap_4x416
910ad3edf.jpg,3,1,42894,4373,26172,0.7374347777500795,0.6210581183216054,1,1,mild_overlap_4x416
f22ad3b42.jpg,3,1,16232,12124,11,0.7279086975044283,0.9993227851997784,1,1,mild_overlap_4x416
09ee01161.jpg,2,2,6007,603,902,0.8886751978696649,0.8694456506006658,1,1,mild_overlap_4x416
c63388081.jpg,3,1,5352,6,5364,0.665920119447555,0.49944008958566627,1,1,mild_overlap_4x416
28adb8aeb.jpg,0,8,334,1477,756,0.2302654257152706,0.30642201834862387,1,1,mild_overlap_4x416
cbc2f9676.jpg,2,1,40881,4611,0,0.94661526171373,1.0,1,1,mild_overlap_4x416
817c6c7a8.jpg,2,7,1629,606,2275,0.5307053266004236,0.4172643442622951,1,1,mild_overlap_4x416
cc7c66720.jpg,3,1,11022,527,51665,0.2969448784956086,0.17582592882096768,1,1,mild_overlap_4x416
a135808ff.jpg,2,1,12,1384,135,0.015554115359688918,0.08163265306122448,1,0,mild_overlap_4x416
a135808ff.jpg,2,3,150,2293,58,0.11316484345529988,0.7211538461538461,1,0,mild_overlap_4x416
a135808ff.jpg,2,4,1549,2068,277,0.5691714128238105,0.848302300109529,1,1,mild_overlap_4x416
508c739d1.jpg,2,1,34725,8571,2388,0.8637092862739245,0.9356559696063375,1,1,mild_overlap_4x416
508c739d1.jpg,2,2,8085,6237,778,0.6974336855725685,0.9122193388243258,1,1,mild_overlap_4x416
508c739d1.jpg,2,3,15608,9616,666,0.7522290230854499,0.9590758264716726,1,1,mild_overlap_4x416
4613bc12c.jpg,2,2,58596,16994,13710,0.7923946557040082,0.8103891793212181,1,1,mild_overlap_4x416
c7fb9db8c.jpg,0,1,497,677,1115,0.35678391959798994,0.30831265508684863,1,1,mild_overlap_4x416
464a009f9.jpg,2,1,265048,13978,465,0.9734766472190238,0.9982486733229635,1,1,mild_overlap_4x416
b19fbab56.jpg,0,9,372,421,328,0.4983255190890824,0.5314285714285715,1,1,mild_overlap_4x416
4e2e1bdb7.jpg,2,2,28948,10271,909,0.8381492848456772,0.969554878253006,1,1,mild_overlap_4x416
d1e1bf13e.jpg,0,12,1789,1281,736,0.6394995531724754,0.7085148514851485,1,1,mild_overlap_4x416
d1e1bf13e.jpg,0,14,224,2448,479,0.13274074074074074,0.3186344238975818,1,0,mild_overlap_4x416
005d86c25.jpg,2,1,157304,36984,29,0.8947360936917874,0.9998156775755881,1,1,mild_overlap_4x416
a3c3733cd.jpg,2,1,131445,10504,24179,0.8834470869332903,0.8446319333778851,1,1,mild_overlap_4x416
b2ba56cd7.jpg,2,1,21893,6171,13164,0.6936835601463855,0.6244972473400462,1,1,mild_overlap_4x416
b5b5e513b.jpg,2,1,40948,19724,3157,0.781621920841406,0.9284208139666704,1,1,mild_overlap_4x416
b5b5e513b.jpg,2,2,17784,24776,145,0.5880077369439072,0.9919125439232528,1,1,mild_overlap_4x416
cb93f342e.jpg,2,6,136,56,1079,0.19331911869225302,0.11193415637860082,1,1,mild_overlap_4x416
8aaf235ef.jpg,3,1,17799,5109,37,0.873699194973493,0.9979255438439112,1,1,mild_overlap_4x416
3ac71c924.jpg,2,1,18126,882,5174,0.8568592228420157,0.7779399141630902,1,1,mild_overlap_4x416
3ac71c924.jpg,2,2,14464,467,10154,0.7314470656653771,0.5875375741327484,1,1,mild_overlap_4x416
eb1f38f03.jpg,2,1,0,0,7328,0.0,0.0,0,0,mild_overlap_4x416
eb1f38f03.jpg,3,1,14096,10812,258,0.718047985329326,0.9820259161209419,1,1,mild_overlap_4x416
cf4008024.jpg,2,6,5770,1266,1008,0.8353843926451426,0.851283564473296,1,1,mild_overlap_4x416
4ca64717c.jpg,2,2,0,190,660,0.0,0.0,0,0,mild_overlap_4x416
4e2c9230d.jpg,3,1,24855,10882,47748,0.4588333025659959,0.34234122556919133,1,1,mild_overlap_4x416
7ea03b257.jpg,3,1,7369,4434,178,0.7616537467700258,0.9764144693255599,1,1,mild_overlap_4x416
7ea03b257.jpg,3,2,20966,6464,633,0.8552489343041874,0.9706930876429465,1,1,mild_overlap_4x416
7ea03b257.jpg,3,3,17504,3597,4840,0.805800437334561,0.7833870390261368,1,1,mild_overlap_4x416
15ce9e5cf.jpg,2,2,787,60,860,0.6311146752205292,0.47783849423193686,1,1,mild_overlap_4x416
880f0b8cc.jpg,2,3,1631,2061,7471,0.25496326403001407,0.17919138650845967,1,1,mild_overlap_4x416
880f0b8cc.jpg,2,4,34276,4047,10306,0.8268741330438454,0.76883046969629,1,1,mild_overlap_4x416
c4d5657bc.jpg,2,2,16050,12711,791,0.703916494890575,0.953031292678582,1,1,mild_overlap_4x416
4bfbe85ff.jpg,3,3,18113,7644,21708,0.5524108694989173,0.45486050074081513,1,1,mild_overlap_4x416
4bfbe85ff.jpg,3,4,181,11,1402,0.20394366197183098,0.11433986102337335,1,1,mild_overlap_4x416
4bfbe85ff.jpg,3,5,3583,3475,10,0.6728006759928645,0.9972168104647926,1,1,mild_overlap_4x416
e685f521b.jpg,2,1,6016,283,2432,0.8158947582559165,0.7121212121212122,1,1,mild_overlap_4x416
8c3539cdd.jpg,0,7,671,1739,532,0.3714364793800166,0.5577722360764755,1,1,mild_overlap_4x416
08b539d11.jpg,2,2,11219,7592,769,0.7285301470826975,0.9358525191858525,1,1,mild_overlap_4x416
08b539d11.jpg,2,3,19549,676,17623,0.6811854278098158,0.5259065963628538,1,1,mild_overlap_4x416
286f459e6.jpg,2,1,16340,24,7605,0.8107370562405418,0.682397160158697,1,1,mild_overlap_4x416
f2a7da76d.jpg,0,1,305,461,822,0.32223983095615427,0.2706299911268855,1,1,mild_overlap_4x416
6aadb8486.jpg,0,1,0,0,9222,0.0,0.0,0,0,mild_overlap_4x416
09e15218c.jpg,2,2,36013,12242,877,0.8459216630453932,0.9762266196801301,1,1,mild_overlap_4x416
09e15218c.jpg,2,3,12904,10648,916,0.6905704805736915,0.9337192474674385,1,1,mild_overlap_4x416
f60b4d359.jpg,3,2,12132,5279,524,0.8069977051252203,0.9585967130214917,1,1,mild_overlap_4x416
054190eb2.jpg,2,1,58811,10560,1313,0.9083130622803969,0.978161798948839,1,1,mild_overlap_4x416
1e0980950.jpg,2,1,15687,20287,295,0.6038571098621911,0.9815417344512577,1,1,mild_overlap_4x416
1e0980950.jpg,2,4,64587,53661,5916,0.6843619371552998,0.9160886770775711,1,1,mild_overlap_4x416
689af3e16.jpg,2,1,3489,1895,6365,0.45793411208820056,0.35406941343616805,1,1,mild_overlap_4x416
214b9bd1a.jpg,2,2,6539,74,3090,0.8051964043836966,0.6790944023263059,1,1,mild_overlap_4x416
b1623b91f.jpg,3,1,158,2289,6836,0.03347103061116407,0.02259079210752073,1,0,mild_overlap_4x416
5c238e376.jpg,2,2,3348,7596,2736,0.39323467230443976,0.5502958579881657,1,1,mild_overlap_4x416
301fc5e57.jpg,2,2,6,297,2776,0.0038897893030794164,0.002156721782890007,1,0,mild_overlap_4x416
301fc5e57.jpg,2,3,37722,17266,1252,0.8029203294949022,0.9678760199107097,1,1,mild_overlap_4x416
301fc5e57.jpg,2,4,35900,4876,957,0.9248644262105032,0.9740347830805546,1,1,mild_overlap_4x416
4dd52fc23.jpg,2,4,0,1018,3834,0.0,0.0,0,0,mild_overlap_4x416
2c37ea89f.jpg,0,2,1870,3063,171,0.5362776025236593,0.916217540421362,1,1,mild_overlap_4x416
523fee62c.jpg,2,1,47561,8212,8779,0.848447548455576,0.8441782037628683,1,1,mild_overlap_4x416
ed1e66f9c.jpg,2,1,38597,1309,1211,0.9683869834658906,0.9695789790996785,1,1,mild_overlap_4x416
b68a9259a.jpg,2,1,7771,1625,675,0.8710906849007959,0.9200805114847265,1,1,mild_overlap_4x416
5b175c18c.jpg,2,2,20090,8333,904,0.8130805188497885,0.9569400781175574,1,1,mild_overlap_4x416
6276bd13c.jpg,2,1,0,1314,74,0.0,0.0,0,0,mild_overlap_4x416
6276bd13c.jpg,2,2,3315,3669,130,0.6357272988781283,0.9622641509433962,1,1,mild_overlap_4x416
6276bd13c.jpg,2,3,86,1978,40,0.07853881278538813,0.6825396825396826,1,0,mild_overlap_4x416
6276bd13c.jpg,2,5,259,2950,0,0.14936562860438293,1.0,1,0,mild_overlap_4x416
0e106d482.jpg,1,1,1318,1942,957,0.4762420957542909,0.5793406593406594,1,1,mild_overlap_4x416
dbd7ba010.jpg,2,1,4724,1604,2814,0.6813789124477139,0.6266914300875563,1,1,mild_overlap_4x416
dbd7ba010.jpg,2,2,21758,2601,3572,0.8757672724345429,0.858981444926964,1,1,mild_overlap_4x416
c987a8155.jpg,2,1,7111,4277,1050,0.727505243234948,0.8713392966548217,1,1,mild_overlap_4x416
c30efa47d.jpg,2,1,1123,70,312,0.8546423135464232,0.7825783972125435,1,1,mild_overlap_4x416
d6505b987.jpg,2,1,147625,5847,33020,0.8836724859854482,0.8172105510808492,1,1,mild_overlap_4x416
f1699cb5a.jpg,2,1,5868,2410,9,0.8291063228541151,0.998468606431853,1,1,mild_overlap_4x416
6c62c50e3.jpg,0,2,0,0,1623,0.0,0.0,0,0,mild_overlap_4x416
77e5c398e.jpg,2,1,208,6,970,0.2988505747126437,0.1765704584040747,1,1,mild_overlap_4x416
77e5c398e.jpg,2,3,54370,26455,10324,0.7472563720201486,0.8404179676631527,1,1,mild_overlap_4x416
77e5c398e.jpg,3,1,33526,1766,9941,0.8513566703487855,0.7712977661214254,1,1,mild_overlap_4x416
8bb208f36.jpg,0,3,273,14,1517,0.2628791526239769,0.15251396648044693,1,1,mild_overlap_4x416
8bb208f36.jpg,0,7,136,2932,583,0.07182466332189068,0.18915159944367177,1,0,mild_overlap_4x416
5aff55ed5.jpg,2,4,5177,608,1679,0.8190807689265089,0.7551050175029171,1,1,mild_overlap_4x416
31cf10f6e.jpg,2,1,44594,9551,3695,0.8706874670519554,0.9234815382385222,1,1,mild_overlap_4x416
c7aeb9c82.jpg,3,1,15450,8195,19817,0.5245111352525801,0.43808659653500437,1,1,mild_overlap_4x416
15e21dfad.jpg,2,1,57508,8063,4659,0.9004055175437223,0.9250567021088358,1,1,mild_overlap_4x416
2c8c3cb8a.jpg,3,1,16906,1025,46177,0.4173599624756215,0.26799613207995815,1,1,mild_overlap_4x416
d169e1b81.jpg,3,1,30062,8112,12229,0.7472068601255204,0.7108368210730416,1,1,mild_overlap_4x416
d169e1b81.jpg,3,3,9697,2913,3886,0.740426831596228,0.7139070897445337,1,1,mild_overlap_4x416
8f38c1314.jpg,3,1,18016,7381,31,0.8293895589724704,0.9982822629799967,1,1,mild_overlap_4x416
8f38c1314.jpg,3,2,0,0,1602,0.0,0.0,0,0,mild_overlap_4x416
f67e682da.jpg,2,4,43376,725,28829,0.7458944508451842,0.6007340211896683,1,1,mild_overlap_4x416
6e30a9e9f.jpg,2,4,418,1518,268,0.3188405797101449,0.60932944606414,1,1,mild_overlap_4x416
6e30a9e9f.jpg,2,10,2056,8017,0,0.3390221782504741,1.0,1,1,mild_overlap_4x416
21f157362.jpg,2,4,2772,4169,1068,0.5142380113162044,0.721875,1,1,mild_overlap_4x416
50cfeaca4.jpg,2,1,110068,16143,29894,0.8270410597618841,0.7864134550806647,1,1,mild_overlap_4x416
50cfeaca4.jpg,2,2,44010,13289,9966,0.7910132554482139,0.8153623832814584,1,1,mild_overlap_4x416
50ac97479.jpg,2,2,3065,325,3941,0.5896498653328203,0.437482158150157,1,1,mild_overlap_4x416
d3993f134.jpg,2,1,59493,3245,6605,0.9235462137911764,0.9000726194438561,1,1,mild_overlap_4x416
d3993f134.jpg,2,2,6825,1987,5570,0.6436553968029424,0.5506252521177895,1,1,mild_overlap_4x416
d3993f134.jpg,2,3,95599,79717,16292,0.6657149721281167,0.8543940084546567,1,1,mild_overlap_4x416
2e8733afa.jpg,3,1,17225,10303,2059,0.7359224130564812,0.8932275461522505,1,1,mild_overlap_4x416
6ec88b7f7.jpg,3,3,9396,8575,32826,0.3121957702722908,0.22253801335796505,1,1,mild_overlap_4x416
7a2096ee2.jpg,2,3,7696,972,1555,0.8589765053853452,0.831910063776889,1,1,mild_overlap_4x416
7a2096ee2.jpg,2,5,21597,9655,92,0.8158893862979544,0.9957582184517497,1,1,mild_overlap_4x416
8eddcadff.jpg,3,1,25910,1820,1401,0.9414799876455733,0.9487019882098788,1,1,mild_overlap_4x416
8eddcadff.jpg,3,2,18550,1996,1211,0.9204356563376088,0.9387176762309599,1,1,mild_overlap_4x416
d7749f865.jpg,2,2,46016,13212,13568,0.7746018920647746,0.7722878625134264,1,1,mild_overlap_4x416
d7749f865.jpg,3,4,30996,13119,325,0.8217827032186225,0.9896235752370613,1,1,mild_overlap_4x416
737ae5c95.jpg,3,1,2888,12510,16886,0.16422153986125326,0.14605036917163952,1,0,mild_overlap_4x416
737ae5c95.jpg,3,2,6919,1926,14747,0.45354134574415783,0.3193482876396197,1,1,mild_overlap_4x416
737ae5c95.jpg,3,4,4660,17333,40712,0.13835077562532472,0.10270651503129684,1,0,mild_overlap_4x416
6d6280d5e.jpg,2,1,23562,8327,3445,0.8001222493887531,0.8724404783944903,1,1,mild_overlap_4x416
6d6280d5e.jpg,2,2,1598,1207,247,0.6873118279569892,0.8661246612466125,1,1,mild_overlap_4x416
c389100a5.jpg,0,1,0,0,1972,0.0,0.0,0,0,mild_overlap_4x416
eb4225311.jpg,2,1,2220,903,457,0.7655172413793103,0.8292865147553231,1,1,mild_overlap_4x416
eb4225311.jpg,2,2,68,512,103,0.1810918774966711,0.39766081871345027,1,0,mild_overlap_4x416
d407563d4.jpg,2,4,849,707,247,0.6402714932126696,0.7746350364963503,1,1,mild_overlap_4x416
863868ed4.jpg,2,1,2319,1622,601,0.6759947529514648,0.7941780821917809,1,1,mild_overlap_4x416
863868ed4.jpg,2,3,115,1936,85,0.10217681030653043,0.575,1,0,mild_overlap_4x416
863868ed4.jpg,2,5,0,181,112,0.0,0.0,0,0,mild_overlap_4x416
8364cd311.jpg,3,1,23082,11375,333,0.7976914570085707,0.9857783472133248,1,1,mild_overlap_4x416
117ddaa9f.jpg,2,2,3732,856,867,0.8124523783607271,0.8114807566862361,1,1,mild_overlap_4x416
bfb064127.jpg,2,1,22275,9875,1066,0.8028328918202952,0.9543292918041215,1,1,mild_overlap_4x416
bfb064127.jpg,2,3,19460,1414,2879,0.9006548955175526,0.8711222525627825,1,1,mild_overlap_4x416
99923d074.jpg,2,3,1959,2011,239,0.6352140077821011,0.8912647861692448,1,1,mild_overlap_4x416
99923d074.jpg,2,5,1418,767,1012,0.6145178764897075,0.5835390946502058,1,1,mild_overlap_4x416
4c2b3ccc9.jpg,2,3,4905,298,3415,0.7254307476151741,0.5895432692307693,1,1,mild_overlap_4x416
409adafbe.jpg,2,1,4317,1597,28,0.841602495369919,0.9935558112773303,1,1,mild_overlap_4x416
b70e904f7.jpg,2,1,6157,83,3872,0.7568996250537833,0.6139196330641141,1,1,mild_overlap_4x416
10e429bfc.jpg,2,1,10095,239,3693,0.8369952740237128,0.7321583986074848,1,1,mild_overlap_4x416
4345db2fc.jpg,2,2,10852,8137,1771,0.6865747184613438,0.859700546621247,1,1,mild_overlap_4x416
d535c41bf.jpg,2,1,90750,12719,5117,0.9105229361480114,0.9466239686231968,1,1,mild_overlap_4x416
d535c41bf.jpg,2,2,85746,14828,1068,0.9151706619420668,0.9876978367544406,1,1,mild_overlap_4x416
d535c41bf.jpg,2,3,45628,15479,2352,0.8365433094685892,0.9509795748228429,1,1,mild_overlap_4x416
9ddc8a514.jpg,2,1,48414,13471,6551,0.8286521181001284,0.8808150641317202,1,1,mild_overlap_4x416
dbc93dc99.jpg,2,8,1987,3299,13,0.5454295909964315,0.9935,1,1,mild_overlap_4x416
dbc93dc99.jpg,2,11,56,0,3308,0.03274853801169591,0.016646848989298454,1,0,mild_overlap_4x416
9f34c4775.jpg,2,4,4264,2465,1555,0.6796302199553714,0.7327719539439767,1,1,mild_overlap_4x416
9f34c4775.jpg,2,7,3081,3104,2955,0.5042140577694133,0.5104373757455268,1,1,mild_overlap_4x416
aefa93267.jpg,2,3,2156,2274,726,0.5897155361050328,0.7480916030534351,1,1,mild_overlap_4x416
67579f49a.jpg,3,1,69959,20055,55451,0.6495005199049316,0.5578422773303564,1,1,mild_overlap_4x416
504e47cce.jpg,2,1,199929,19425,11859,0.9274392195610727,0.9440053260807978,1,1,mild_overlap_4x416
4cbb91ed2.jpg,2,1,8708,3930,7942,0.5946462715105163,0.523003003003003,1,1,mild_overlap_4x416
2e35ebe13.jpg,2,1,23183,1166,6663,0.855540178983301,0.776754003886618,1,1,mild_overlap_4x416
2e35ebe13.jpg,2,2,24481,5158,5414,0.8224208015587732,0.8188994815186486,1,1,mild_overlap_4x416
2e35ebe13.jpg,2,3,1276,13,833,0.7510300176574456,0.6050260787102892,1,1,mild_overlap_4x416
9753787e9.jpg,2,4,0,624,680,0.0,0.0,0,0,mild_overlap_4x416
9753787e9.jpg,3,4,660,3969,0,0.2495745887691435,1.0,1,1,mild_overlap_4x416
4014c79d3.jpg,2,2,6240,1837,95,0.8659450457951707,0.9850039463299132,1,1,mild_overlap_4x416
a154fdcfd.jpg,3,2,54194,2117,113957,0.48287906193475955,0.32229365272879734,1,1,mild_overlap_4x416
2e55a1149.jpg,2,1,73468,16500,6,0.8990100463773082,0.9999183384598633,1,1,mild_overlap_4x416
4d042c66f.jpg,2,1,77938,12706,3617,0.9052085087602135,0.9556495616455153,1,1,mild_overlap_4x416
a14e96726.jpg,2,4,1136,1474,305,0.5608491730436929,0.7883414295628036,1,1,mild_overlap_4x416
c2d0a2e19.jpg,2,4,6176,8865,5,0.5820375082461596,0.9991910694062449,1,1,mild_overlap_4x416
cd634f053.jpg,2,1,0,1941,1642,0.0,0.0,0,0,mild_overlap_4x416
1b9fb7411.jpg,3,1,37340,6469,1463,0.9039848932358495,0.9622967296343067,1,1,mild_overlap_4x416
1b9fb7411.jpg,3,3,27580,4574,221,0.9200233508464681,0.992050645660228,1,1,mild_overlap_4x416
4fe777e50.jpg,2,1,16754,4326,908,0.8649011408806979,0.9485901936360548,1,1,mild_overlap_4x416
066ecd182.jpg,2,1,22687,556,24770,0.6417821782178218,0.4780538171397265,1,1,mild_overlap_4x416
f95284047.jpg,2,2,0,542,847,0.0,0.0,0,0,mild_overlap_4x416
f95284047.jpg,2,3,483,61,650,0.5760286225402504,0.4263018534863195,1,1,mild_overlap_4x416
974f00b13.jpg,2,1,45591,6101,6366,0.8797190517998245,0.8774756048270685,1,1,mild_overlap_4x416
974f00b13.jpg,2,2,17411,3880,3050,0.8340199271891167,0.850935926885294,1,1,mild_overlap_4x416
d74c7c967.jpg,2,4,2669,690,3731,0.5469822727738498,0.41703125,1,1,mild_overlap_4x416
48c466789.jpg,3,1,2932,6361,0,0.4796728016359918,1.0,1,1,mild_overlap_4x416
48c466789.jpg,3,2,19056,15905,6249,0.6323963760661069,0.7530527563722584,1,1,mild_overlap_4x416
bde2a33eb.jpg,3,1,60832,34502,10521,0.7298949528157564,0.8525499978977759,1,1,mild_overlap_4x416
57d157679.jpg,2,1,707,26,3126,0.3096802452912834,0.18445082181059222,1,1,mild_overlap_4x416
359e3fb7c.jpg,2,1,4468,1039,779,0.8309466245118096,0.851534210024776,1,1,mild_overlap_4x416
c970d2407.jpg,3,1,31602,7406,18960,0.7056380484537234,0.6250148332740002,1,1,mild_overlap_4x416
19a3acdeb.jpg,2,1,156448,2393,21971,0.9277589989918757,0.8768572853787994,1,1,mild_overlap_4x416
c135aedee.jpg,2,1,0,0,6391,0.0,0.0,0,0,mild_overlap_4x416
81847fd11.jpg,3,1,23275,8005,26874,0.5716636579105724,0.46411693154399886,1,1,mild_overlap_4x416
c8ed5e8ab.jpg,2,3,4748,2032,549,0.7862879854268444,0.8963564281668869,1,1,mild_overlap_4x416
c8ed5e8ab.jpg,2,7,2880,1978,752,0.6784452296819788,0.7929515418502202,1,1,mild_overlap_4x416
23d77b3df.jpg,2,1,6969,238,9087,0.5991488630013326,0.43404334828101643,1,1,mild_overlap_4x416
e840cf262.jpg,2,1,4332,1115,0,0.8859801615707128,1.0,1,1,mild_overlap_4x416
43e5215d6.jpg,2,1,759,1,2692,0.3604844454998813,0.21993625036221384,1,1,mild_overlap_4x416
50bab4d98.jpg,2,4,27301,7891,2090,0.8454546862177353,0.9288897961961144,1,1,mild_overlap_4x416
c7a7f24d9.jpg,3,3,776,3674,298,0.2809558291093411,0.7225325884543762,1,1,mild_overlap_4x416
7cfcbdc4a.jpg,2,2,20973,1797,3834,0.8816444920865124,0.845446849679526,1,1,mild_overlap_4x416
7cfcbdc4a.jpg,2,3,8600,2850,907,0.820728157656153,0.9045966130219838,1,1,mild_overlap_4x416
f8ff8457a.jpg,2,2,6296,136,3614,0.7705299228980541,0.6353178607467205,1,1,mild_overlap_4x416
4e39d8c5c.jpg,3,1,19665,9132,600,0.8016387428152134,0.9703923019985197,1,1,mild_overlap_4x416
4e39d8c5c.jpg,3,2,9106,10929,227,0.6201307545627894,0.9756777027750991,1,1,mild_overlap_4x416
bb1977eed.jpg,3,1,19797,3204,1097,0.9020161749629798,0.94749688905906,1,1,mild_overlap_4x416
d2bf41a92.jpg,3,1,21061,11284,0,0.7887128787027675,1.0,1,1,mild_overlap_4x416
d2bf41a92.jpg,3,4,4193,6786,281,0.5426777971914839,0.937192668752794,1,1,mild_overlap_4x416
d32cc0a14.jpg,2,3,2457,473,82,0.8985189248491497,0.967703820401733,1,1,mild_overlap_4x416
843f0ae15.jpg,2,1,36195,10293,3702,0.8379927070671992,0.9072110685013911,1,1,mild_overlap_4x416
15e8d5e3d.jpg,3,1,21135,5948,50140,0.4297566034282926,0.29652753419852684,1,1,mild_overlap_4x416
eed32de1b.jpg,0,4,0,34,672,0.0,0.0,0,0,mild_overlap_4x416
a3c477831.jpg,3,2,26267,15300,0,0.7744493911607748,1.0,1,1,mild_overlap_4x416
d178d246a.jpg,2,1,17685,5049,2286,0.8282402528977871,0.8855340243352862,1,1,mild_overlap_4x416
57a71495a.jpg,2,2,1156,89,4312,0.3444063756889617,0.21141185076810534,1,1,mild_overlap_4x416
57a71495a.jpg,3,2,28700,8960,871,0.853772813136797,0.9705454668425146,1,1,mild_overlap_4x416
7454d922e.jpg,2,1,879,163,3140,0.34736218138707764,0.21871112216969396,1,1,mild_overlap_4x416
8b9681587.jpg,2,2,4052,1192,846,0.7990534411358706,0.8272764393630053,1,1,mild_overlap_4x416
398ecb719.jpg,2,1,3974,13,5825,0.5765269113593501,0.40555158689662213,1,1,mild_overlap_4x416
3f272083c.jpg,2,1,0,0,205,0.0,0.0,0,0,mild_overlap_4x416
3f272083c.jpg,2,3,44,385,1378,0.04754186925985954,0.030942334739803096,1,0,mild_overlap_4x416
be3b49756.jpg,3,1,52442,5194,7294,0.893603244385373,0.8778960760680327,1,1,mild_overlap_4x416
e6feea803.jpg,0,8,0,0,610,0.0,0.0,0,0,mild_overlap_4x416
7c95f2d2d.jpg,2,3,1055,737,337,0.6626884422110553,0.7579022988505747,1,1,mild_overlap_4x416
eef087050.jpg,0,6,0,1299,475,0.0,0.0,0,0,mild_overlap_4x416
d4aeee4c8.jpg,2,6,8043,4031,368,0.7852575054918233,0.9562477707763642,1,1,mild_overlap_4x416
b68c2531c.jpg,2,1,3481,114,2716,0.7109885620915033,0.5617234145554301,1,1,mild_overlap_4x416
5d8690cf6.jpg,2,1,72839,3558,3720,0.9524176887470907,0.9514100236418971,1,1,mild_overlap_4x416
2a374ceaa.jpg,2,1,76390,9831,25104,0.8138934022321072,0.7526553293790766,1,1,mild_overlap_4x416
014ebe543.jpg,2,1,201,1,509,0.4407894736842105,0.2830985915492958,1,1,mild_overlap_4x416
6fe50d73a.jpg,2,1,151649,26860,7553,0.8980992623870706,0.952557128679288,1,1,mild_overlap_4x416
b537ab3ce.jpg,2,1,4547,2089,989,0.7471245481432797,0.8213511560693642,1,1,mild_overlap_4x416
c873d7724.jpg,2,3,26136,17779,9178,0.6597584217900011,0.7401030752675992,1,1,mild_overlap_4x416
c873d7724.jpg,2,4,71735,12999,7613,0.8743798832291172,0.9040555527549529,1,1,mild_overlap_4x416
c873d7724.jpg,2,6,31115,53009,36,0.5398395142051615,0.998844338865526,1,1,mild_overlap_4x416
c873d7724.jpg,2,7,58691,33770,261,0.7752438694167608,0.99557266929027,1,1,mild_overlap_4x416
c5da9e8c7.jpg,3,1,12210,6004,247,0.7961918424570441,0.9801717909609056,1,1,mild_overlap_4x416
b5d9dfe6d.jpg,2,3,17049,502,1796,0.9368611935377514,0.9046962058901565,1,1,mild_overlap_4x416
ab1293c8f.jpg,2,8,4042,521,2158,0.7510917030567685,0.6519354838709678,1,1,mild_overlap_4x416
5a036a042.jpg,3,3,3259,3137,12,0.6742526119788973,0.9963313971262611,1,1,mild_overlap_4x416
02b2d3aa4.jpg,0,2,1512,2637,461,0.4939562234563868,0.7663456664977192,1,1,mild_overlap_4x416
7ec79c490.jpg,2,1,3724,1287,630,0.795301655098772,0.8553054662379421,1,1,mild_overlap_4x416
22553cebc.jpg,2,1,4431,1163,21,0.882142146127812,0.9952830188679245,1,1,mild_overlap_4x416
121d3818a.jpg,2,2,7284,8407,956,0.608750156700514,0.8839805825242718,1,1,mild_overlap_4x416
121d3818a.jpg,2,3,10598,3420,3738,0.7475488467235664,0.7392578125,1,1,mild_overlap_4x416
22fb4b286.jpg,2,1,0,888,696,0.0,0.0,0,0,mild_overlap_4x416
a33b2c662.jpg,3,2,4880,4828,131,0.6630885250356682,0.9738575134703652,1,1,mild_overlap_4x416
b3aa31a86.jpg,2,2,68786,27184,13290,0.7726767239926761,0.8380769043325698,1,1,mild_overlap_4x416
b3aa31a86.jpg,2,3,1454,0,3124,0.48209549071618035,0.31760594145915244,1,1,mild_overlap_4x416
b3aa31a86.jpg,2,5,62860,33997,5072,0.7629150003944438,0.92533710180769,1,1,mild_overlap_4x416
b87a1d850.jpg,2,4,5226,853,1613,0.8091035764050163,0.7641468050884632,1,1,mild_overlap_4x416
b87a1d850.jpg,2,5,5665,2,4288,0.7253521126760564,0.5691751230784688,1,1,mild_overlap_4x416
0696cfa05.jpg,2,2,54099,247,11770,0.9000374329326624,0.821311998056749,1,1,mild_overlap_4x416
290e00273.jpg,3,1,2316,2499,421,0.6133474576271186,0.8461819510412861,1,1,mild_overlap_4x416
f32bb5699.jpg,2,8,1172,3408,0,0.40751043115438107,1.0,1,1,mild_overlap_4x416
08605c0eb.jpg,2,2,28622,4778,10911,0.784884757242949,0.7240027318948726,1,1,mild_overlap_4x416
58ee62fd7.jpg,2,1,7440,334,99,0.9717233722980474,0.9868682849184242,1,1,mild_overlap_4x416
420ba281d.jpg,0,1,174,248,499,0.3178082191780822,0.2585438335809807,1,1,mild_overlap_4x416
420ba281d.jpg,0,2,0,0,1242,0.0,0.0,0,0,mild_overlap_4x416
5545e4b0f.jpg,3,1,37435,146,74470,0.5008495778868924,0.3345248201599571,1,1,mild_overlap_4x416
963b7a441.jpg,0,3,514,2390,726,0.24806949806949807,0.41451612903225804,1,1,mild_overlap_4x416
ee4c5ab7f.jpg,2,2,60328,7611,6202,0.8972774394098268,0.9067788967383136,1,1,mild_overlap_4x416
9078fb095.jpg,2,1,92326,6020,19026,0.8805615694951788,0.8291364322149579,1,1,mild_overlap_4x416
2749c24a9.jpg,3,2,2214,631,1335,0.6925242414763841,0.6238377007607777,1,1,mild_overlap_4x416
14e90eb54.jpg,2,2,13638,58,8428,0.7627090207482803,0.6180549261306988,1,1,mild_overlap_4x416
c0dee2521.jpg,2,1,2492,116,2888,0.6239359038557837,0.46319702602230484,1,1,mild_overlap_4x416
fc5e5979c.jpg,2,1,3927,173,378,0.9344437834622249,0.9121951219512195,1,1,mild_overlap_4x416
76a7e1815.jpg,2,1,5915,529,2110,0.8176100628930818,0.7370716510903427,1,1,mild_overlap_4x416
286d2eb1c.jpg,2,3,628,43,817,0.5935727788279773,0.43460207612456747,1,1,mild_overlap_4x416
de37ca856.jpg,2,1,31054,38912,2742,0.59856209402286,0.9188661380044976,1,1,mild_overlap_4x416
de37ca856.jpg,2,2,85367,36592,8748,0.7901644806871719,0.9070498857780375,1,1,mild_overlap_4x416
20964a4f0.jpg,2,1,1474,19437,182,0.1306332255062702,0.8900966183574879,1,0,mild_overlap_4x416
20964a4f0.jpg,2,3,1515,17154,169,0.1488724021028841,0.899643705463183,1,0,mild_overlap_4x416
20964a4f0.jpg,2,4,179,5160,228,0.06230421162547859,0.4398034398034398,1,0,mild_overlap_4x416
4a9bd840f.jpg,3,1,8937,734,2892,0.8313488372093023,0.7555161044889678,1,1,mild_overlap_4x416
4a9bd840f.jpg,3,2,38814,2675,1822,0.9452420091324201,0.9551629097352101,1,1,mild_overlap_4x416
4a9bd840f.jpg,3,3,32802,8858,3125,0.8455540232255404,0.9130180644083836,1,1,mild_overlap_4x416
13b66e5de.jpg,3,1,4418,3892,9939,0.38981779679710593,0.3077244549697012,1,1,mild_overlap_4x416
66987e071.jpg,2,1,237166,9193,27332,0.9285024967848146,0.8966646250633276,1,1,mild_overlap_4x416
1bea66c7a.jpg,3,1,17021,662,1316,0.9450860632981677,0.9282325353111196,1,1,mild_overlap_4x416
8dbca8b82.jpg,2,1,8846,396,1255,0.9146461252132554,0.8757548757548758,1,1,mild_overlap_4x416
8dbca8b82.jpg,2,3,1402,166,118,0.9080310880829016,0.9223684210526316,1,1,mild_overlap_4x416
cb9e7a337.jpg,2,1,1528,254,1128,0.6885984677782785,0.5753012048192772,1,1,mild_overlap_4x416
cb9e7a337.jpg,2,3,0,83,285,0.0,0.0,0,0,mild_overlap_4x416
cd23d4841.jpg,3,1,12898,4548,10,0.8498385715226988,0.9992252866439417,1,1,mild_overlap_4x416
9bc62ca61.jpg,2,3,2155,5215,132,0.4463083773428601,0.9422824661128115,1,1,mild_overlap_4x416
2188f5429.jpg,2,1,1977,171,390,0.8757475083056478,0.835234474017744,1,1,mild_overlap_4x416
e30ea20d9.jpg,2,1,141742,32696,3156,0.8877295387929954,0.978219161065025,1,1,mild_overlap_4x416
00d639396.jpg,2,1,46036,3990,11993,0.8520845865531442,0.7933274741939376,1,1,mild_overlap_4x416
38a1d7aab.jpg,3,2,3421,1968,7288,0.4250217418312834,0.31945092912503503,1,1,mild_overlap_4x416
38a1d7aab.jpg,3,3,3169,2607,60594,0.09114309955564504,0.04969966908708812,1,0,mild_overlap_4x416
38a1d7aab.jpg,3,5,3920,1886,14189,0.3278277231862848,0.21646695013529185,1,1,mild_overlap_4x416
de3e52e11.jpg,2,1,2342,950,345,0.7834085967553103,0.8716040193524377,1,1,mild_overlap_4x416
6d9559d13.jpg,2,2,0,858,447,0.0,0.0,0,0,mild_overlap_4x416
262db4b7e.jpg,0,6,0,976,2291,0.0,0.0,0,0,mild_overlap_4x416
c7f93d8bd.jpg,2,2,2469,3269,819,0.5470861954354088,0.7509124087591241,1,1,mild_overlap_4x416
fbbb8f8b2.jpg,2,1,11731,178,4941,0.8208950001749414,0.7036348368522073,1,1,mild_overlap_4x416
679af1ef8.jpg,2,1,1762,178,296,0.8814407203601801,0.8561710398445093,1,1,mild_overlap_4x416
679af1ef8.jpg,2,2,14175,5966,1,0.8261211644374509,0.9999294582392777,1,1,mild_overlap_4x416
679af1ef8.jpg,2,4,1028,393,800,0.6328100954139735,0.562363238512035,1,1,mild_overlap_4x416
49b34e921.jpg,3,1,4643,7083,148,0.5622086335290912,0.9691087455646002,1,1,mild_overlap_4x416
49b34e921.jpg,3,2,23095,4143,45,0.9168684743340347,0.9980553154710458,1,1,mild_overlap_4x416
49b34e921.jpg,3,3,16422,7007,493,0.814098750743605,0.9708542713567839,1,1,mild_overlap_4x416
0ea151b2f.jpg,2,1,12558,1359,21820,0.5200538358008076,0.36529175635580896,1,1,mild_overlap_4x416
0ea151b2f.jpg,2,2,6948,4393,99,0.7557102458124864,0.9859514687100894,1,1,mild_overlap_4x416
40466495a.jpg,3,1,13240,7299,8,0.7837333885814071,0.9993961352657005,1,1,mild_overlap_4x416
74661f8d7.jpg,2,6,3041,440,609,0.8528958070396859,0.8331506849315069,1,1,mild_overlap_4x416
40e52c68b.jpg,2,1,2119,3489,96,0.5417359069410712,0.9566591422121896,1,1,mild_overlap_4x416
193eeae52.jpg,2,3,5044,959,909,0.8437604550016728,0.8473038803964388,1,1,mild_overlap_4x416
ef8c8a263.jpg,3,3,816,500,293,0.6729896907216495,0.7357980162308386,1,1,mild_overlap_4x416
d97933f5f.jpg,2,1,7328,325,4253,0.761983986690236,0.6327605560832398,1,1,mild_overlap_4x416
1fc012f23.jpg,2,1,10865,11339,95,0.6552285610903389,0.9913321167883211,1,1,mild_overlap_4x416
1fc012f23.jpg,2,4,0,0,5595,0.0,0.0,0,0,mild_overlap_4x416
1fc012f23.jpg,2,6,3224,1279,1936,0.6672875918451826,0.6248062015503876,1,1,mild_overlap_4x416
603bb9003.jpg,0,3,457,1460,319,0.3393984404010397,0.5889175257731959,1,1,mild_overlap_4x416
603bb9003.jpg,0,7,26,1254,517,0.02852441031267142,0.04788213627992634,1,0,mild_overlap_4x416
c85ed5c64.jpg,2,2,1425,284,353,0.8173214797820476,0.8014623172103487,1,1,mild_overlap_4x416
77e1644b2.jpg,2,1,53380,615,3892,0.9594938301562908,0.9320435815057969,1,1,mild_overlap_4x416
a2b2c9e3e.jpg,2,1,126685,4555,5550,0.9616472151057975,0.9580292660793285,1,1,mild_overlap_4x416
b378e4122.jpg,2,1,74919,10490,14622,0.8564618462417833,0.8367005059134921,1,1,mild_overlap_4x416
b6c0a38e9.jpg,2,1,4769,195,2143,0.8031323678006063,0.6899594907407407,1,1,mild_overlap_4x416
a4e947fb4.jpg,2,4,20913,5495,938,0.8666984396692845,0.9570729028419752,1,1,mild_overlap_4x416
a4e947fb4.jpg,2,5,19254,15471,93,0.712161562361296,0.9951930531865405,1,1,mild_overlap_4x416
a4e947fb4.jpg,2,6,29407,20883,31,0.7376831226168975,0.9989469393301176,1,1,mild_overlap_4x416
5af025ad7.jpg,3,1,2281,6760,20,0.40222183036501497,0.9913081269013473,1,1,mild_overlap_4x416
5af025ad7.jpg,3,2,13786,3371,5818,0.7500340034275454,0.7032238318710468,1,1,mild_overlap_4x416
5af025ad7.jpg,3,4,29217,4710,2574,0.8891627864512006,0.9190336887798434,1,1,mild_overlap_4x416
5af025ad7.jpg,3,5,40,1837,6386,0.009635071660845478,0.006224712107065048,1,0,mild_overlap_4x416
367553727.jpg,2,6,4270,383,346,0.9213507390225483,0.9250433275563258,1,1,mild_overlap_4x416
79af8b197.jpg,2,1,162328,18066,6368,0.9300065885588243,0.9622516242234552,1,1,mild_overlap_4x416
0a9aaba9a.jpg,2,1,5210,5059,2638,0.575150411215985,0.6638634046890928,1,1,mild_overlap_4x416
00ec97699.jpg,2,1,6360,743,2761,0.7840236686390533,0.6972919636004824,1,1,mild_overlap_4x416
74048991c.jpg,2,1,38465,2361,108,0.96890389047721,0.9972001140694268,1,1,mild_overlap_4x416
f27dfe80a.jpg,2,1,58682,14073,3835,0.8676148796498906,0.9386566853815762,1,1,mild_overlap_4x416
ce58cf8e1.jpg,2,1,26489,14875,1985,0.7585841518943841,0.9302872796235162,1,1,mild_overlap_4x416
ce58cf8e1.jpg,2,2,2709,5138,197,0.5038593880777458,0.9322092222986924,1,1,mild_overlap_4x416
91222b4c9.jpg,2,1,103848,16189,5462,0.9055971955159648,0.9500320190284512,1,1,mild_overlap_4x416
91222b4c9.jpg,2,3,12676,13117,236,0.6550058132024287,0.9817224287484511,1,1,mild_overlap_4x416
ed54a41e1.jpg,2,2,40694,2984,2967,0.9318631997160489,0.9320446164769474,1,1,mild_overlap_4x416
ed54a41e1.jpg,2,3,79020,12895,3070,0.9082497629378466,0.9626020221707882,1,1,mild_overlap_4x416
cd475d2a3.jpg,2,3,24320,93,23516,0.673227311104652,0.5084037126850071,1,1,mild_overlap_4x416
cd475d2a3.jpg,2,5,2758,1703,10243,0.3158859237200779,0.2121375278824706,1,1,mild_overlap_4x416
cd475d2a3.jpg,2,6,50233,2692,4071,0.9369293754488058,0.9250331467295226,1,1,mild_overlap_4x416
7158531d8.jpg,2,1,36854,2204,4895,0.9121486999888624,0.8827516826750341,1,1,mild_overlap_4x416
c33296732.jpg,2,1,4621,607,974,0.8539222027164373,0.8259159964253798,1,1,mild_overlap_4x416
ecb3a4be6.jpg,2,2,22598,1478,11874,0.7719478035116486,0.6555465305175214,1,1,mild_overlap_4x416
736c09835.jpg,0,2,0,0,631,0.0,0.0,0,0,mild_overlap_4x416
eb44ad79d.jpg,3,1,28295,727,11691,0.8200498492928356,0.7076226679337768,1,1,mild_overlap_4x416
8d1cd3b88.jpg,0,15,553,2952,2403,0.17118093174431204,0.18707713125845737,1,0,mild_overlap_4x416
8d1cd3b88.jpg,0,17,353,2155,145,0.23486360612109114,0.7088353413654619,1,1,mild_overlap_4x416
570cb5438.jpg,2,4,4695,656,1912,0.7852483692925238,0.7106099591342515,1,1,mild_overlap_4x416
a7d470272.jpg,2,1,75043,7942,1252,0.9422777498744349,0.9835900124516679,1,1,mild_overlap_4x416
a7d470272.jpg,2,3,911,439,573,0.6429075511644319,0.6138814016172507,1,1,mild_overlap_4x416
844a48ae2.jpg,2,1,3423,566,1166,0.7980881324318023,0.7459141425147091,1,1,mild_overlap_4x416
cecab5a39.jpg,2,5,1346,3734,5271,0.2301444814909806,0.20341544506573978,1,1,mild_overlap_4x416
ac7848f35.jpg,2,3,28213,25564,2788,0.6655736157965509,0.910067417180091,1,1,mild_overlap_4x416
ac7848f35.jpg,2,4,49405,21604,1551,0.8101504529988112,0.969561975037287,1,1,mild_overlap_4x416
ac7848f35.jpg,2,5,49319,21965,1113,0.8103946892766769,0.9779306789340102,1,1,mild_overlap_4x416
a0ee1d0ac.jpg,2,1,8837,1634,339,0.8995775436453403,0.963055797733217,1,1,mild_overlap_4x416
670dc6f72.jpg,3,2,10396,6497,2763,0.6918674297883668,0.7900296375104491,1,1,mild_overlap_4x416
670dc6f72.jpg,3,4,15380,6475,1313,0.7979661720452423,0.9213442760438507,1,1,mild_overlap_4x416
9ecb2f113.jpg,2,1,51918,23406,913,0.8102376029027349,0.9827184796804906,1,1,mild_overlap_4x416
9ecb2f113.jpg,2,2,5439,3134,2897,0.6433260393873085,0.6524712092130518,1,1,mild_overlap_4x416
ebb817ec9.jpg,3,1,13533,6261,87,0.8100197521996768,0.9936123348017621,1,1,mild_overlap_4x416
d860da430.jpg,2,1,2299,5106,922,0.432712215320911,0.7137534927041291,1,1,mild_overlap_4x416
e3988634c.jpg,2,1,128509,1230,14960,0.9407411203185851,0.8957266029595243,1,1,mild_overlap_4x416
e3988634c.jpg,2,2,3048,0,47929,0.11283664969921332,0.05979167075347706,1,0,mild_overlap_4x416
c9ae4cb29.jpg,3,1,3125,2732,124,0.6863606413353832,0.9618344105878732,1,1,mild_overlap_4x416
6714ba056.jpg,2,1,16560,3866,1502,0.8605279567657451,0.9168419887055697,1,1,mild_overlap_4x416
6714ba056.jpg,2,2,44539,3638,17509,0.8081469721025176,0.7178152398143373,1,1,mild_overlap_4x416
d77e9ff45.jpg,3,1,1362,3983,17,0.405116002379536,0.9876722262509064,1,1,mild_overlap_4x416
5064ecb6d.jpg,2,1,20720,382,3074,0.9230220955096222,0.8708077666638648,1,1,mild_overlap_4x416
58384cf41.jpg,2,2,54699,19019,8887,0.7967575598671561,0.8602365300537854,1,1,mild_overlap_4x416
58384cf41.jpg,2,3,113093,54214,10806,0.7767216334828266,0.9127837997078265,1,1,mild_overlap_4x416
20edbd1a8.jpg,2,2,992,178,4415,0.30165729055800516,0.18346587756611799,1,1,mild_overlap_4x416
20edbd1a8.jpg,3,1,17731,3170,8906,0.7459716437376415,0.665653039005894,1,1,mild_overlap_4x416
6b7e04658.jpg,2,1,2695,294,3356,0.5962389380530974,0.4453809287721038,1,1,mild_overlap_4x416
79dc6e410.jpg,2,1,3426,208,11730,0.36466205428419374,0.22604908946951702,1,1,mild_overlap_4x416
79dc6e410.jpg,2,2,1144,52,6677,0.2537429300210713,0.14627285513361463,1,1,mild_overlap_4x416
dabbc106c.jpg,3,2,19201,10819,0,0.7801954450336238,1.0,1,1,mild_overlap_4x416
dabbc106c.jpg,3,3,4143,1516,2709,0.662297178482935,0.6046409807355516,1,1,mild_overlap_4x416
ff6bfada2.jpg,2,2,8574,238,6324,0.7232391396035428,0.5755134917438582,1,1,mild_overlap_4x416
ff6bfada2.jpg,3,1,34667,5134,9173,0.8289475257349864,0.7907618613138686,1,1,mild_overlap_4x416
ff6bfada2.jpg,3,2,17123,2357,480,0.9234959415365531,0.972731920695336,1,1,mild_overlap_4x416
c70702ea2.jpg,3,1,801,8,1052,0.6018031555221638,0.4322719913653535,1,1,mild_overlap_4x416
c70702ea2.jpg,3,2,90096,13293,17924,0.8523383583480363,0.8340677652286613,1,1,mild_overlap_4x416
4dd35625f.jpg,2,1,40503,2138,16186,0.8155240108728481,0.7144772354425021,1,1,mild_overlap_4x416
4dd35625f.jpg,2,2,14461,1237,4051,0.8454253142356036,0.7811689714779603,1,1,mild_overlap_4x416
c79086497.jpg,2,2,28771,2719,8878,0.8322654362949999,0.7641902839384844,1,1,mild_overlap_4x416
97eb88e35.jpg,2,2,633,348,869,0.5098670962545309,0.4214380825565912,1,1,mild_overlap_4x416
97eb88e35.jpg,2,3,4018,998,3317,0.6506355760667153,0.5477845944103613,1,1,mild_overlap_4x416
afb67e4d9.jpg,2,2,55710,4184,7891,0.902222762055144,0.8759296237480543,1,1,mild_overlap_4x416
11bda65f0.jpg,2,2,15590,501,3875,0.8769265384182697,0.8009247367069099,1,1,mild_overlap_4x416
eaaa61b15.jpg,2,1,5766,1849,671,0.82066609735269,0.8957588938946714,1,1,mild_overlap_4x416
72cbdf3c1.jpg,2,1,3571,407,730,0.8626645730160647,0.8302720297605208,1,1,mild_overlap_4x416
acfdc8ec2.jpg,2,1,79476,10685,9227,0.8886751945612309,0.8959787154887658,1,1,mild_overlap_4x416
8364a4654.jpg,2,1,4845,8422,25,0.5342669680763081,0.9948665297741273,1,1,mild_overlap_4x416
8364a4654.jpg,2,3,32568,24726,275,0.7226333248277622,0.9916268306792924,1,1,mild_overlap_4x416
575e5be94.jpg,2,1,11138,7428,3572,0.669431422045919,0.7571719918422841,1,1,mild_overlap_4x416
575e5be94.jpg,2,2,4485,3228,861,0.6868826096944636,0.8389450056116723,1,1,mild_overlap_4x416
575e5be94.jpg,2,4,6823,6148,814,0.6621700310559007,0.8934136441010868,1,1,mild_overlap_4x416
90cd42d5b.jpg,2,1,1257,93,3713,0.3977848101265823,0.25291750503018107,1,1,mild_overlap_4x416
b62d34440.jpg,2,1,0,0,386,0.0,0.0,0,0,mild_overlap_4x416
babc99f0c.jpg,0,4,0,0,415,0.0,0.0,0,0,mild_overlap_4x416
f1119e073.jpg,2,3,0,0,1073,0.0,0.0,0,0,mild_overlap_4x416
e83d27de8.jpg,2,7,860,1325,499,0.4853273137697517,0.6328182487122884,1,1,mild_overlap_4x416
55979505e.jpg,2,2,2355,95,4492,0.5066150371087448,0.34394625383379585,1,1,mild_overlap_4x416
ac9c592aa.jpg,2,1,58537,423,17312,0.8684435015466326,0.7717570435997838,1,1,mild_overlap_4x416
bea834c94.jpg,2,3,6326,526,1599,0.8561954388576842,0.7982334384858044,1,1,mild_overlap_4x416
5b077082b.jpg,2,6,10382,2933,1251,0.832291165624499,0.8924611020373077,1,1,mild_overlap_4x416
5b077082b.jpg,2,10,273,0,459,0.5432835820895522,0.3729508196721312,1,1,mild_overlap_4x416
39d07881e.jpg,2,1,678,128,1339,0.48034006376195537,0.33614278631631134,1,1,mild_overlap_4x416
f917bca00.jpg,2,1,25251,15067,114,0.7688747468903674,0.9955056179775281,1,1,mild_overlap_4x416
f917bca00.jpg,2,2,33632,12390,2,0.8444310535301798,0.9999405363620146,1,1,mild_overlap_4x416
10d9f85be.jpg,0,1,830,209,714,0.6426635694928378,0.5375647668393783,1,1,mild_overlap_4x416
08808b1a2.jpg,0,1,91,1898,984,0.05939947780678851,0.08465116279069768,1,0,mild_overlap_4x416
babc63c5b.jpg,2,3,2434,2739,423,0.6062266500622665,0.8519425971298565,1,1,mild_overlap_4x416
babc63c5b.jpg,2,4,18,2414,82,0.014218009478672985,0.18,1,0,mild_overlap_4x416
babc63c5b.jpg,2,6,149,2490,55,0.10481885332395358,0.7303921568627451,1,0,mild_overlap_4x416
0b7a4c9b9.jpg,2,2,9641,6123,2263,0.6969061731964724,0.8098958333333334,1,1,mild_overlap_4x416
0b1235e38.jpg,2,2,1652,376,552,0.780718336483932,0.7495462794918331,1,1,mild_overlap_4x416
f78c3b312.jpg,2,2,7275,11562,4664,0.47277099038211595,0.609347516542424,1,1,mild_overlap_4x416
f78c3b312.jpg,2,4,81102,29157,1396,0.8414947317088355,0.9830783776576402,1,1,mild_overlap_4x416
ba4284649.jpg,3,1,9356,6492,3194,0.6589196422283259,0.7454980079681275,1,1,mild_overlap_4x416
ba4284649.jpg,3,2,4696,2439,313,0.7733860342555995,0.9375124775404272,1,1,mild_overlap_4x416
ff5590fbe.jpg,2,1,2432,3407,12,0.5872268501750574,0.9950900163666121,1,1,mild_overlap_4x416
988cf521f.jpg,0,3,123,16,719,0.25076452599388377,0.14608076009501186,1,1,mild_overlap_4x416
988cf521f.jpg,0,6,0,0,693,0.0,0.0,0,0,mild_overlap_4x416
4340e1e42.jpg,2,2,1944,30,11328,0.2550177095631641,0.14647377938517178,1,1,mild_overlap_4x416
a1982cad5.jpg,2,1,2812,547,1005,0.7837235228539576,0.7367042179722295,1,1,mild_overlap_4x416
72aaba8ad.jpg,3,1,24388,8552,127,0.848942650770168,0.9948194982663675,1,1,mild_overlap_4x416
c084838d5.jpg,3,3,3957,1939,6237,0.49185829707893103,0.38816951147733963,1,1,mild_overlap_4x416
c084838d5.jpg,3,5,10183,1904,6696,0.7031001864254643,0.603294034006754,1,1,mild_overlap_4x416
ddef064ae.jpg,2,1,172041,14270,26244,0.8946582907778552,0.8676450563582722,1,1,mild_overlap_4x416
e63ad114c.jpg,2,4,737,266,234,0.7467071935157041,0.7590113285272915,1,1,mild_overlap_4x416
c71558eac.jpg,0,7,0,0,1955,0.0,0.0,0,0,mild_overlap_4x416
2d196857a.jpg,2,1,45866,6744,2828,0.9055121219300324,0.9419230295313591,1,1,mild_overlap_4x416
2d196857a.jpg,2,2,13212,7214,4337,0.6958262014483213,0.752863411020571,1,1,mild_overlap_4x416
2d196857a.jpg,2,3,24002,3109,2514,0.8951461017770899,0.9051893196560568,1,1,mild_overlap_4x416
2d196857a.jpg,2,4,1811,1949,486,0.5979858015519234,0.7884196778406617,1,1,mild_overlap_4x416
2d196857a.jpg,2,5,54473,12618,6301,0.852039260157197,0.896320795076842,1,1,mild_overlap_4x416
363eb9fdc.jpg,2,1,5760,768,0,0.9375,1.0,1,1,mild_overlap_4x416
dab5666d9.jpg,2,1,25656,7073,2352,0.8448227604260994,0.9160239931448158,1,1,mild_overlap_4x416
8d909a69d.jpg,2,2,23123,4816,2654,0.8609352892992777,0.8970399968964581,1,1,mild_overlap_4x416
8d909a69d.jpg,2,3,8725,535,2949,0.8335721792299609,0.7473873565187596,1,1,mild_overlap_4x416
c3ff1a7cd.jpg,2,2,63251,1496,7096,0.9363998401113299,0.8991286053420899,1,1,mild_overlap_4x416
2db969d6b.jpg,2,1,71316,7630,2021,0.936624573983964,0.9724422869765602,1,1,mild_overlap_4x416
a2337ccb3.jpg,3,1,5454,3539,47,0.7525872774941355,0.9914560988911107,1,1,mild_overlap_4x416
b8b4d7133.jpg,3,1,0,0,3749,0.0,0.0,0,0,mild_overlap_4x416
94aad1346.jpg,2,1,72136,14319,587,0.90635640603601,0.9919282757862025,1,1,mild_overlap_4x416
dc702eb04.jpg,3,1,8735,2303,813,0.8486349946565627,0.9148512777545036,1,1,mild_overlap_4x416
848b66095.jpg,2,1,53244,228,27680,0.7923450102681627,0.6579506697642232,1,1,mild_overlap_4x416
06d0fbb0c.jpg,2,1,3315,487,1293,0.7883472057074911,0.7194010416666666,1,1,mild_overlap_4x416
b1e3c11ad.jpg,3,1,40314,6084,22,0.9296008485714945,0.9994545815152717,1,1,mild_overlap_4x416
a045e21e6.jpg,2,2,5471,30,1414,0.8834167608590344,0.7946259985475672,1,1,mild_overlap_4x416
a922818e9.jpg,2,1,7730,1715,9427,0.5811593113299752,0.4505449670688349,1,1,mild_overlap_4x416
35d142883.jpg,3,1,12661,3879,850,0.8426341885461383,0.9370882984235068,1,1,mild_overlap_4x416
7668b7312.jpg,2,1,46273,452,5974,0.9350725457705209,0.8856585067085192,1,1,mild_overlap_4x416
00e0398ad.jpg,2,3,35224,423,15439,0.816220600162206,0.6952608412450901,1,1,mild_overlap_4x416
8aacab1a1.jpg,2,2,33965,4001,3411,0.9016219372992488,0.908738227739726,1,1,mild_overlap_4x416
1c19efedd.jpg,2,2,35519,6911,5713,0.8491071215127537,0.861442568878541,1,1,mild_overlap_4x416
85b8f9d06.jpg,2,1,455,0,4841,0.15823335072161362,0.08591389728096677,1,0,mild_overlap_4x416
8ce8ed455.jpg,2,2,142,20,465,0.3693107932379714,0.23393739703459637,1,1,mild_overlap_4x416
d02f1b229.jpg,2,1,979,790,189,0.6666666666666666,0.8381849315068494,1,1,mild_overlap_4x416
bf3db21e9.jpg,2,1,16896,2481,12895,0.6872762772534982,0.5671511530327952,1,1,mild_overlap_4x416
622086df1.jpg,2,2,198,0,1149,0.2563106796116505,0.14699331848552338,1,1,mild_overlap_4x416
622086df1.jpg,2,4,19683,3117,4054,0.8459075574274233,0.8292117790790748,1,1,mild_overlap_4x416
622086df1.jpg,2,5,8341,3024,5693,0.6567975117130596,0.5943423115291435,1,1,mild_overlap_4x416
38aeffe92.jpg,0,1,21,0,7415,0.005632291806356444,0.0028240989779451317,1,0,mild_overlap_4x416
e81ee8548.jpg,2,1,96417,17747,6054,0.8901331733099453,0.9409198700120034,1,1,mild_overlap_4x416
16a50624d.jpg,3,1,22009,10371,138,0.8072697929466136,0.9937689077527431,1,1,mild_overlap_4x416
e690329c1.jpg,2,2,4359,626,275,0.9063312194614824,0.9406560207164437,1,1,mild_overlap_4x416
0bb37f2aa.jpg,2,2,0,1024,132,0.0,0.0,0,0,mild_overlap_4x416
0bb37f2aa.jpg,2,3,0,1699,44,0.0,0.0,0,0,mild_overlap_4x416
0bb37f2aa.jpg,2,4,1686,1997,30,0.6245601037229116,0.9825174825174825,1,1,mild_overlap_4x416
0bb37f2aa.jpg,2,7,244,2453,0,0.16592995579734784,1.0,1,0,mild_overlap_4x416
af4d2ee24.jpg,2,1,104019,984,47739,0.8102398728778903,0.6854267979282805,1,1,mild_overlap_4x416
77343ffda.jpg,2,2,143023,10806,15656,0.9153237677115466,0.9013354003995487,1,1,mild_overlap_4x416
49c24c9a8.jpg,0,2,1574,300,1593,0.6244792699861139,0.4970003157562362,1,1,mild_overlap_4x416
bc7ce8f4d.jpg,0,1,0,0,4679,0.0,0.0,0,0,mild_overlap_4x416
43d7e6da0.jpg,3,7,3969,5849,0,0.5757597736998622,1.0,1,1,mild_overlap_4x416
02d8c6b30.jpg,2,1,9570,191,5897,0.7586808308228952,0.6187366651580785,1,1,mild_overlap_4x416
5757100f0.jpg,3,4,1077,3300,100,0.38782859200576164,0.9150382327952421,1,1,mild_overlap_4x416
b6b66ca8c.jpg,2,5,358,480,506,0.4206815511163337,0.41435185185185186,1,1,mild_overlap_4x416
b6b66ca8c.jpg,2,7,19284,1459,5170,0.8533309732946877,0.7885826449660587,1,1,mild_overlap_4x416
1f5cd4df7.jpg,2,1,35274,1749,10918,0.8477798473832843,0.7636387253204018,1,1,mild_overlap_4x416
ecca5b079.jpg,2,3,0,0,2377,0.0,0.0,0,0,mild_overlap_4x416
64c16a1c2.jpg,2,2,153163,36914,12801,0.8603672049005592,0.9228688149237184,1,1,mild_overlap_4x416
7c5918274.jpg,3,2,4642,1230,98,0.8748586505842443,0.9793248945147679,1,1,mild_overlap_4x416
ac461b596.jpg,2,2,4157,539,952,0.8479347271800102,0.813662164807203,1,1,mild_overlap_4x416
40b90abe8.jpg,2,1,6532,1093,849,0.8705850992936159,0.8849749356455765,1,1,mild_overlap_4x416
8e08d9cd6.jpg,0,3,387,115,710,0.48405253283302063,0.3527803099361896,1,1,mild_overlap_4x416
93851869f.jpg,2,2,0,0,5404,0.0,0.0,0,0,mild_overlap_4x416
7bb3640ce.jpg,0,3,0,0,676,0.0,0.0,0,0,mild_overlap_4x416
c9cd221c5.jpg,2,2,32910,675,8353,0.8793822146216331,0.7975668274240846,1,1,mild_overlap_4x416
c9cd221c5.jpg,2,4,196,0,2782,0.12350346565847511,0.06581598388179986,1,0,mild_overlap_4x416
1ea25d4fa.jpg,2,2,404,8812,4124,0.05878928987194412,0.0892226148409894,1,0,mild_overlap_4x416
19f00abbf.jpg,2,1,5947,2246,243,0.8269484808454426,0.9607431340872374,1,1,mild_overlap_4x416
b98f3f3b7.jpg,2,3,0,0,302,0.0,0.0,0,0,mild_overlap_4x416
691680efc.jpg,2,1,2737,389,899,0.8095238095238095,0.7527502750275028,1,1,mild_overlap_4x416
3a96940c6.jpg,0,5,2799,2251,891,0.6405034324942792,0.7585365853658537,1,1,mild_overlap_4x416
6da43d9fc.jpg,2,2,53281,7736,5002,0.8932271584241408,0.9141773759072114,1,1,mild_overlap_4x416
6da43d9fc.jpg,2,3,15830,860,5687,0.8286439657654356,0.7356973555793094,1,1,mild_overlap_4x416
6353833df.jpg,2,3,3853,6379,4038,0.4252055399216465,0.48827778481814726,1,1,mild_overlap_4x416
6353833df.jpg,2,5,16353,6685,2651,0.7779363493649208,0.860503051989055,1,1,mild_overlap_4x416
40b68e3bb.jpg,2,3,855,63,380,0.7942405945192754,0.6923076923076923,1,1,mild_overlap_4x416
c33e20d0b.jpg,2,2,5595,5861,4846,0.5110289080695986,0.5358682118571018,1,1,mild_overlap_4x416
181d5197b.jpg,2,1,42690,3686,7995,0.8796530017205675,0.8422610239715892,1,1,mild_overlap_4x416
37f4e9602.jpg,2,1,107212,8553,21178,0.8782289938768405,0.8350494586805826,1,1,mild_overlap_4x416
34d73f3ad.jpg,0,4,542,1641,1132,0.2810474462017112,0.3237753882915173,1,1,mild_overlap_4x416
1b6743f6e.jpg,2,2,764,2696,3041,0.21032346868547833,0.20078843626806833,1,1,mild_overlap_4x416
a9e7b571e.jpg,3,2,65062,42446,5608,0.7303034044607079,0.9206452525824254,1,1,mild_overlap_4x416
a9e7b571e.jpg,3,4,17063,31478,1085,0.511718574277617,0.9402137976636544,1,1,mild_overlap_4x416
a9e7b571e.jpg,3,5,1496,3741,2969,0.30839002267573695,0.33505039193729,1,1,mild_overlap_4x416
034941f9d.jpg,2,4,716,110,92,0.8763769889840881,0.8861386138613861,1,1,mild_overlap_4x416
1c8802c08.jpg,3,3,12929,8334,23358,0.4493136403127715,0.3562983988756304,1,1,mild_overlap_4x416
5fccf97d8.jpg,0,2,2691,3752,1041,0.528943488943489,0.7210610932475884,1,1,mild_overlap_4x416
0e01b820c.jpg,3,2,29613,4156,8271,0.8265669267162575,0.781675641431739,1,1,mild_overlap_4x416
d5a8b7ba4.jpg,3,1,31556,5780,1257,0.8996849563072887,0.9616920123121934,1,1,mild_overlap_4x416
d5a8b7ba4.jpg,3,2,3441,1510,111,0.8093614018581677,0.96875,1,1,mild_overlap_4x416
415dd1efd.jpg,2,3,2960,7566,1655,0.3909913479955089,0.6413867822318526,1,1,mild_overlap_4x416
ed69c5fcf.jpg,0,3,0,0,639,0.0,0.0,0,0,mild_overlap_4x416
69df9d97b.jpg,0,7,132,2077,581,0.09034907597535935,0.18513323983169705,1,0,mild_overlap_4x416
471a0c83c.jpg,2,2,0,0,712,0.0,0.0,0,0,mild_overlap_4x416
471a0c83c.jpg,2,4,0,209,1183,0.0,0.0,0,0,mild_overlap_4x416
4b09a3911.jpg,2,4,879,44,461,0.7768448961555457,0.6559701492537313,1,1,mild_overlap_4x416
984c6e129.jpg,2,3,2518,4306,7817,0.29349029663733317,0.2436381228834059,1,1,mild_overlap_4x416
b5967f1ce.jpg,3,1,18825,1959,16562,0.670274696907657,0.5319750190748015,1,1,mild_overlap_4x416
