configuration,period_ms,mandatory_dmr,mean_complete_image_dice,average_temperature_c,iit_celsius_seconds,peak_temperature_c
EDF-Dynamic-Reservation,100,0.5003583333333333,0.2659891073184152,58.60056921543289,0.0,59.634907860691314
EDF-Dynamic-Reservation,150,0.3124866666666667,0.3607646844413358,58.9688319941075,0.0,59.78248740257156
EDF-Dynamic-Reservation,200,0.15177666666666664,0.4253156179652969,59.35629999528402,0.0,59.880004662149304
EDF-Dynamic-Reservation,250,0.07571395833333332,0.46069073010581524,58.591833027148155,0.0,59.622076947859306
EDF-Dynamic-Reservation,300,0.023195,0.47727545675565103,57.586725394434936,0.0,58.53286714619812
EDF-FixedL3,100,0.5885083333333333,0.22078213552855405,53.63455825908186,0.0,55.92007261298088
EDF-FixedL3,150,0.3583333333333333,0.3444548246635168,55.67184770845656,0.0,57.15939894525204
EDF-FixedL3,200,0.20791666666666667,0.42499411999596165,54.854858916051114,0.0,55.99253710021721
EDF-FixedL3,250,0.10625,0.4791590805279523,53.43923102057748,0.0,54.35304632576339
EDF-FixedL3,300,0.03625,0.5171320720214351,51.722412594226014,0.0,52.71403461876635
HBTASP-Dynamic,100,0.1625,0.27295300345509094,59.536973158172124,0.0,59.999881291948824
HBTASP-Dynamic,150,0.0,0.3689115353201006,59.62737694325299,0.0,59.99996148930264
HBTASP-Dynamic,200,0.0,0.43827527734251276,59.63217033837581,0.0,59.999964138513306
HBTASP-Dynamic,250,0.0,0.4697311498304176,59.348921691602776,0.0,59.999643515642774
HBTASP-Dynamic,300,0.0,0.4841069941184476,58.39016881221505,0.0,59.99985515670463
HBTASP-FixedL3,100,0.0,0.3215197776773061,59.528289187998254,0.0,59.999952571302515
HBTASP-FixedL3,150,0.0,0.4207148464508723,59.44925303483393,0.0,59.99985773544919
HBTASP-FixedL3,200,0.0,0.4774793147727439,56.695539501746694,0.0,59.99996194251859
HBTASP-FixedL3,250,0.0,0.5043561495922531,56.378890455517976,0.0,59.99974676416167
HBTASP-FixedL3,300,0.0,0.5249377546512,52.92872886400975,0.0,58.97079615071131
