pool_index,image_id,tp,fp,fn,gt
0,55d87ed7a.jpg,4178,5517,10087,14265
1,17eeca349.jpg,2113,2706,0,2113
2,ab3fed191.jpg,2558,0,1773,4331
3,fdabe52ee.jpg,1024,4651,5216,6240
4,7c27b239d.jpg,6591,954,65,6656
5,624e942f6.jpg,49164,2828,5776,54940
6,8c732ade1.jpg,18008,3298,5820,23828
7,5a6a8196b.jpg,9453,2337,787,10240
8,0c2522533.jpg,24345,464,871,25216
9,9e39834da.jpg,41170,4035,6278,47448
10,70be92f18.jpg,9147,402,5524,14671
11,3124b1e5c.jpg,1806,667,1423,3229
12,fc113cb7e.jpg,1474,884,217,1691
13,5c876d114.jpg,110823,37382,2340,113163
14,9b2801e98.jpg,2882,1719,3402,6284
15,8f31ce4d8.jpg,12491,989,1444,13935
16,2511b27f5.jpg,0,2579,1857,1857
17,cd835f121.jpg,154,2370,6143,6297
18,8a88f573c.jpg,12963,4010,5032,17995
19,8445de2d9.jpg,3158,7080,669,3827
20,d806c4bd6.jpg,5546,1979,125,5671
21,60fb3a793.jpg,1018,4413,1427,2445
22,cc69501eb.jpg,21026,7261,7805,28831
23,db0547371.jpg,11212,3111,205,11417
24,00f6e702c.jpg,1027,4905,4308,5335
25,503d78c6f.jpg,4705,5103,3294,7999
26,a3148f47c.jpg,3391,4159,589,3980
27,683ad3cc1.jpg,2274,929,8458,10732
28,101bc8aa5.jpg,34542,3104,15899,50441
29,9c33cdef5.jpg,4595,294,1709,6304
30,a732b1b72.jpg,2703,2221,4933,7636
31,171c64a72.jpg,32090,4415,3131,35221
32,711d59ca6.jpg,3381,1647,5438,8819
33,6dfd81e89.jpg,1297,1226,1598,2895
34,ae9976755.jpg,36569,3682,1838,38407
35,5feafe9c5.jpg,31880,89,39202,71082
36,1b4642fd5.jpg,0,4082,3138,3138
37,d67f4b258.jpg,15706,13160,10,15716
38,c3429572b.jpg,89013,3521,21024,110037
39,6343860bc.jpg,121945,66795,34774,156719
40,a5f996baa.jpg,132948,25074,6312,139260
41,a8fcfff62.jpg,2464,348,16101,18565
42,7cb5bd6f1.jpg,19482,4291,3653,23135
43,9c4c38dab.jpg,18729,1489,30537,49266
44,9bba9fd75.jpg,1282,5784,9285,10567
45,bdd1c7fa8.jpg,23598,5010,9,23607
46,a369c5c1f.jpg,7533,559,11195,18728
47,1f7e9363d.jpg,46256,16614,3748,50004
48,86756300d.jpg,50184,3135,43268,93452
49,627b98bc7.jpg,17644,3446,15713,33357
50,faa1000af.jpg,1718,445,4250,5968
51,1d7f89efa.jpg,16679,2326,15361,32040
52,87ae117e9.jpg,1425,41,1626,3051
53,3afb8f1bc.jpg,5077,3637,1169,6246
54,594303084.jpg,14904,9663,1369,16273
55,0f4a022fd.jpg,39831,5310,0,39831
56,45b099b06.jpg,22418,902,532,22950
57,79d28bbe8.jpg,9128,894,1199,10327
58,ac0682b30.jpg,25740,6052,5726,31466
59,14c9a9062.jpg,6550,668,3082,9632
60,441866b3d.jpg,637,133,2415,3052
61,71e55c4e5.jpg,3630,2361,23794,27424
62,c0ceecd96.jpg,64809,3765,16395,81204
63,a8767436f.jpg,20,289,4844,4864
64,e3c8b3a70.jpg,16110,3918,5775,21885
65,55c30f544.jpg,91612,2497,20671,112283
66,cbc2172be.jpg,53160,6982,842,54002
67,8cc65d1f7.jpg,1879,653,166,2045
68,93b0d8e2f.jpg,988,664,3261,4249
69,193884988.jpg,18093,127,16611,34704
70,20905c068.jpg,33788,3342,4647,38435
71,b2854eaff.jpg,20746,3755,2682,23428
72,431234941.jpg,51497,4542,6113,57610
73,c2eb19445.jpg,6160,4720,361,6521
74,5350e17c2.jpg,9543,4255,57,9600
75,e036add44.jpg,5715,185,5758,11473
76,07c3d6d77.jpg,2211,6214,456,2667
77,0aa4399a4.jpg,0,4731,3538,3538
78,31a43a534.jpg,22041,1899,11174,33215
79,b8642bd0a.jpg,9276,4650,1316,10592
80,8fb4575f3.jpg,4855,1717,1775,6630
81,e2f3d138a.jpg,6522,1626,1555,8077
82,11f34f40d.jpg,8955,3422,1768,10723
83,21ef20784.jpg,3645,2335,740,4385
84,d6102d7d2.jpg,1877,585,391,2268
85,1d66a6fb4.jpg,11832,3808,18943,30775
86,8d67593de.jpg,4067,249,740,4807
87,99984eccf.jpg,865,2254,14,879
88,476efaa3d.jpg,85921,22629,8626,94547
89,0360edfb8.jpg,8956,296,9867,18823
90,a2cb5be8f.jpg,4677,697,110,4787
91,45b362a50.jpg,354,1596,5375,5729
92,c795455ba.jpg,2385,446,530,2915
93,fb9a07c8f.jpg,4728,3030,680,5408
94,7bde96c82.jpg,4187,2443,901,5088
95,aa9a7363b.jpg,16902,3322,799,17701
96,a0709a1e6.jpg,3000,812,234,3234
97,e51c76beb.jpg,1809,2031,1027,2836
98,fe7b99496.jpg,1568,318,478,2046
99,63cf275e8.jpg,231774,69422,464,232238
100,edfc18176.jpg,4771,2281,345,5116
101,86b7dbfe8.jpg,0,3117,2726,2726
102,bce9bf82d.jpg,20745,3622,1841,22586
103,a5ed4358c.jpg,0,0,1467,1467
104,7bec3eeb7.jpg,30404,2576,7418,37822
105,df0430717.jpg,5324,1368,465,5789
106,4e6514402.jpg,829,117,2106,2935
107,05396b495.jpg,20372,3082,4586,24958
108,9ad1ad629.jpg,30285,2222,6748,37033
109,98f108423.jpg,174881,3889,6495,181376
110,1d5eeb9bd.jpg,8906,2553,453,9359
111,ea2ebb194.jpg,17881,5052,10541,28422
112,9028ff68e.jpg,26629,8503,217,26846
113,638b05d55.jpg,1212,1461,3189,4401
114,c571c7c32.jpg,0,0,922,922
115,529b36067.jpg,9362,3736,387,9749
116,b69920a15.jpg,553,883,5174,5727
117,8266cca81.jpg,32465,30506,1645,34110
118,e1a9e7c49.jpg,23428,4210,11720,35148
119,4ab1aeab6.jpg,16325,5673,2,16327
120,29ff8d6f4.jpg,4071,4124,148,4219
121,f03379160.jpg,1049,1220,218,1267
122,9efbf2ac6.jpg,1079,570,230,1309
123,108ea689b.jpg,54363,12436,12078,66441
124,81c37d5f1.jpg,1988,6243,4167,6155
125,75070e973.jpg,27756,29547,1628,29384
126,bca9c5489.jpg,34986,6825,3208,38194
127,8ccb9bbc9.jpg,1110,1941,3018,4128
128,0ea00bf92.jpg,2172,4746,0,2172
129,29d83d9ce.jpg,26,7087,2919,2945
130,19c645c25.jpg,23920,6826,4281,28201
131,b0f9fff35.jpg,1943,1851,935,2878
132,09f1605ee.jpg,19405,26404,180,19585
133,4ee570810.jpg,43650,10729,3500,47150
134,0fd63823c.jpg,1088,1891,828,1916
135,208825e67.jpg,32909,11249,2084,34993
136,d267355be.jpg,24809,18689,2971,27780
137,380c01646.jpg,1296,868,4814,6110
138,7b8d4b6d4.jpg,6922,2979,1142,8064
139,b68b9258c.jpg,53180,24788,6903,60083
140,0ca915b9f.jpg,4794,848,889,5683
141,1639cc829.jpg,2374,3069,807,3181
142,1e742caeb.jpg,25567,7155,7725,33292
143,39960c9e9.jpg,36218,28172,69,36287
144,3d2df482c.jpg,0,5375,1913,1913
145,bd4957b80.jpg,15740,3734,5697,21437
146,892321605.jpg,1077,1032,1075,2152
147,43bb3a898.jpg,1739,2365,489,2228
148,252c10c1a.jpg,4003,485,967,4970
149,1dba99dc5.jpg,165368,8685,19502,184870
150,f22da130b.jpg,66826,24682,44771,111597
151,b8d2805f9.jpg,19537,1891,918,20455
152,397bdbbf6.jpg,1797,281,3803,5600
153,a33ec265a.jpg,13879,596,11479,25358
154,f81484e30.jpg,5548,4762,174,5722
155,dff1d028a.jpg,15626,5359,110,15736
156,bc73f75a5.jpg,5144,2251,52,5196
157,fe01b0ce0.jpg,14790,4106,1103,15893
158,4695c2d2a.jpg,7668,625,1135,8803
159,196e624f5.jpg,8715,1710,1165,9880
160,eed74bec9.jpg,0,6231,7232,7232
161,5c044192f.jpg,55401,5776,9288,64689
162,8c9286f4e.jpg,27490,784,24297,51787
163,f1becb8a5.jpg,47777,36770,1244,49021
164,db17c18f9.jpg,19154,5519,9008,28162
165,e0593f542.jpg,4226,1276,444,4670
166,bc23335bc.jpg,6956,0,6612,13568
167,43dac5ad5.jpg,11710,1539,4426,16136
168,82c806ebb.jpg,26121,3934,8491,34612
169,f46e63337.jpg,21786,839,4704,26490
170,5e581254c.jpg,14829,2171,7080,21909
171,3b9a3ae3b.jpg,26129,6432,14784,40913
172,7626234a2.jpg,10200,2378,4431,14631
173,e32bba07f.jpg,40559,6028,4020,44579
174,2f2053eff.jpg,1672,827,734,2406
175,0d9d2aa59.jpg,5385,2409,56,5441
176,700209a95.jpg,48095,11626,4953,53048
177,2f6b7235e.jpg,0,2762,3251,3251
178,088a6bb94.jpg,11519,223,1523,13042
179,fe65bce69.jpg,8669,1286,267,8936
180,a189ded53.jpg,0,0,2593,2593
181,6b634bbe9.jpg,4781,2228,8533,13314
182,846788254.jpg,2482,3432,5459,7941
183,cfe40128c.jpg,3792,1511,250,4042
184,01e020dc5.jpg,55836,5953,5840,61676
185,cb383b2f7.jpg,1484,991,1618,3102
186,a5fb2758e.jpg,10240,4392,175,10415
187,65bb052e9.jpg,23827,11275,1770,25597
188,bf3d21ec7.jpg,5110,943,4784,9894
189,54c3ce6f0.jpg,23689,2153,3951,27640
190,b001f0e9b.jpg,6732,4549,4519,11251
191,3704cdfd6.jpg,6701,7804,6658,13359
192,47aea9052.jpg,13180,3242,36373,49553
193,cbdb0828d.jpg,1718,2554,434,2152
194,539be6ba4.jpg,4884,495,620,5504
195,5891749fb.jpg,1542,2034,362,1904
196,dc46cd893.jpg,4134,585,200,4334
197,8ed31effd.jpg,3799,2339,1703,5502
198,32efbaf94.jpg,69315,22643,7144,76459
199,514222386.jpg,23170,3419,1388,24558
200,9612cf3ee.jpg,3771,367,46,3817
201,ff001adfe.jpg,5398,6233,8586,13984
202,90246e919.jpg,35730,13889,2527,38257
203,a909833f5.jpg,0,4409,2557,2557
204,b7fd1f63b.jpg,1091,3658,690,1781
205,4ade4b747.jpg,1229,620,6942,8171
206,316f0236a.jpg,3438,491,542,3980
207,9622959c1.jpg,302,1491,5248,5550
208,22bd428e0.jpg,3513,1497,1746,5259
209,9ebb54e56.jpg,64757,15073,4830,69587
210,cd7d4933e.jpg,24315,20551,115,24430
211,f97db2626.jpg,748,3807,1837,2585
212,57314986d.jpg,18476,7634,7593,26069
213,a835a0e50.jpg,7688,3327,2063,9751
214,f0dc068a8.jpg,23804,1716,4356,28160
215,a33d86440.jpg,3816,6172,1957,5773
216,548f2444a.jpg,4026,741,1856,5882
217,de15e1a31.jpg,2140,5612,14,2154
218,5e570da14.jpg,50436,1120,1932,52368
219,1a8440db2.jpg,337,1460,7344,7681
220,aa53582ee.jpg,4070,2367,7057,11127
221,d9ce68f4f.jpg,32718,14318,198,32916
222,da505edce.jpg,6218,2465,89,6307
223,cdf669a1f.jpg,18023,6455,1692,19715
224,5af757935.jpg,43354,17903,2135,45489
225,b6656880b.jpg,4266,1694,4826,9092
226,74472e481.jpg,9547,545,684,10231
227,d7221e8ce.jpg,357,84,6953,7310
228,e628d230c.jpg,4273,2134,45,4318
229,ecc0bf094.jpg,5312,140,2663,7975
230,5a188bcf6.jpg,25009,5972,10091,35100
231,9cfa7be25.jpg,19024,2560,515,19539
232,24e125a16.jpg,879,5338,0,879
233,b38f593fd.jpg,58705,37741,8231,66936
234,24fce7ae0.jpg,7651,1533,4656,12307
235,1fc4c5a4b.jpg,4054,10563,669,4723
236,f210c637e.jpg,943,139,96,1039
237,433ee3ba0.jpg,982,3269,0,982
238,66c487b25.jpg,4274,12290,2348,6622
239,8e8404fe0.jpg,126473,15142,5808,132281
240,6d5d698e0.jpg,5030,4218,594,5624
241,b3cea5fb4.jpg,78490,12696,1093,79583
242,8709ea899.jpg,19494,5334,237,19731
243,ea30f095d.jpg,1656,4037,5729,7385
244,dd1683e7b.jpg,12011,6287,0,12011
245,de964f1e4.jpg,11052,1710,1180,12232
246,4d6da5e7d.jpg,2526,1658,126,2652
247,9253b216e.jpg,28463,10921,4550,33013
248,4af0f0204.jpg,3028,206,1080,4108
249,3d0fc6499.jpg,7657,3401,2684,10341
250,335be17fa.jpg,7968,2332,922,8890
251,fe6f8e502.jpg,6282,544,2366,8648
252,8a3ce8312.jpg,5404,13301,1978,7382
253,eb18f69ed.jpg,4932,161,5943,10875
254,385f6dc61.jpg,4123,3484,14213,18336
255,434dc37a2.jpg,35,54,1115,1150
256,11c481d5e.jpg,209,3561,2071,2280
257,8016e642c.jpg,54083,10277,8596,62679
258,64c57880e.jpg,1255,3822,43,1298
259,02701c239.jpg,8223,4921,886,9109
260,61457b567.jpg,0,3179,2663,2663
261,534dacff6.jpg,645,1196,46,691
262,91b768bcb.jpg,17377,1022,5655,23032
263,c828ece4b.jpg,1874,2405,3767,5641
264,12234aab8.jpg,5700,3344,5911,11611
265,0d4866e3c.jpg,2633,1255,189,2822
266,f17e982f9.jpg,1102,1527,0,1102
267,4c18e968f.jpg,30592,2907,0,30592
268,7dc8d94dc.jpg,0,1699,2817,2817
269,fa6567637.jpg,31987,27338,322,32309
270,0498abd18.jpg,154925,14209,13206,168131
271,8f5e37d0a.jpg,36612,6289,20220,56832
272,e4911993d.jpg,7139,244,4598,11737
273,9531c4b99.jpg,4786,1183,629,5415
274,60d7ee261.jpg,43803,4515,13345,57148
275,0984c380f.jpg,11341,3845,518,11859
276,a997f247d.jpg,4681,3005,551,5232
277,f645abdf0.jpg,18166,2876,7622,25788
278,a27bd6af7.jpg,9042,461,355,9397
279,69e2943d2.jpg,14659,2007,317,14976
280,910ad3edf.jpg,68023,4250,1043,69066
281,de6c85c29.jpg,15917,3865,2475,18392
282,f22ad3b42.jpg,22654,12290,993,23647
283,09ee01161.jpg,14088,713,2068,16156
284,8ec0d428d.jpg,2167,1221,2577,4744
285,6a9ff4b0c.jpg,1977,3002,86,2063
286,1c61eaea9.jpg,5640,3256,725,6365
287,5ad48b934.jpg,3765,835,1796,5561
288,c63388081.jpg,761,41,15990,16751
289,d636cbd42.jpg,9450,2753,5185,14635
290,a629cce39.jpg,17542,2592,1461,19003
291,28adb8aeb.jpg,2286,5536,4470,6756
292,66574a641.jpg,2593,27,1518,4111
293,ff933e271.jpg,16646,2033,3767,20413
294,cbc2f9676.jpg,40881,4981,0,40881
295,addd390e9.jpg,13387,2036,5499,18886
296,817c6c7a8.jpg,16335,5093,4513,20848
297,55a585807.jpg,2235,3425,200,2435
298,a44dd8116.jpg,3398,2197,385,3783
299,0e0f06208.jpg,7186,3116,3125,10311
300,b682bfafd.jpg,8795,11971,242,9037
301,2d26b9dda.jpg,1141,2163,0,1141
302,2d94df675.jpg,3330,1974,9026,12356
303,4b762b230.jpg,49870,17419,0,49870
304,cc7c66720.jpg,61758,9615,929,62687
305,a135808ff.jpg,0,9067,2704,2704
306,fea2f6ad2.jpg,3613,975,188,3801
307,c4aeca424.jpg,6156,1788,494,6650
308,59c00ad1f.jpg,259,0,1333,1592
309,a129732b2.jpg,3510,161,1482,4992
310,bbebbd412.jpg,14498,458,3855,18353
311,508c739d1.jpg,73032,34117,2406,75438
312,ab4fab99e.jpg,19977,379,5467,25444
313,9eed4fc7c.jpg,3827,5493,115,3942
314,64b571a9a.jpg,24657,6648,9194,33851
315,b303bf6e5.jpg,4050,3147,1801,5851
316,4613bc12c.jpg,78202,61448,1130,79332
317,8991e4a44.jpg,3350,5900,1642,4992
318,c35fa49e2.jpg,4091,5719,6283,10374
319,c7fb9db8c.jpg,1511,1094,101,1612
320,1ef276277.jpg,2561,1592,1151,3712
321,0b5051d9f.jpg,251,145,3911,4162
322,464a009f9.jpg,265203,15509,310,265513
323,ad8744ba7.jpg,4543,909,599,5142
324,446ba8f9b.jpg,2282,879,3662,5944
325,b19fbab56.jpg,3332,4759,3800,7132
326,060c3159e.jpg,3409,10474,64,3473
327,1dd76fb74.jpg,11325,4799,4168,15493
328,a75bb4c01.jpg,2554,2954,0,2554
329,4e2e1bdb7.jpg,32439,12470,1982,34421
330,d1e1bf13e.jpg,7786,3998,7061,14847
331,e868908d6.jpg,15177,1497,1489,16666
332,7f1b37606.jpg,40248,5216,11539,51787
333,68142cad1.jpg,0,2054,3042,3042
334,1f3e0b337.jpg,0,270,2377,2377
335,a71e53574.jpg,0,171,1373,1373
336,763871334.jpg,9884,6475,2148,12032
337,c9c7d9ddb.jpg,44,484,1100,1144
338,cbcd45716.jpg,13253,2299,661,13914
339,3ecff5d55.jpg,727,2316,1019,1746
340,b35a7ff2e.jpg,478,7467,2520,2998
341,005d86c25.jpg,162931,22150,102,163033
342,e055afd50.jpg,697,922,2284,2981
343,9efbc9bb6.jpg,56413,7066,8813,65226
344,dc0c6c0de.jpg,2233,677,6086,8319
345,d5e8af85b.jpg,2922,484,1713,4635
346,a3c3733cd.jpg,160848,7764,17774,178622
347,4cca18753.jpg,3492,2634,92,3584
348,ec58aa10d.jpg,36492,5504,5232,41724
349,b2ba56cd7.jpg,25366,4157,9691,35057
350,b5b5e513b.jpg,60020,19277,2014,62034
351,cb93f342e.jpg,6144,5923,6443,12587
352,7e9c7f52d.jpg,12163,5761,1352,13515
353,8aaf235ef.jpg,17465,2547,371,17836
354,61bbee823.jpg,29,5399,6686,6715
355,3ac71c924.jpg,39960,3676,7958,47918
356,08f0b26ac.jpg,2851,1623,209,3060
357,5b6f98ba8.jpg,10914,7471,7222,18136
358,eb1f38f03.jpg,30853,11548,15857,46710
359,c21edfb97.jpg,2363,3123,7153,9516
360,1ee38e570.jpg,1873,2993,2120,3993
361,3463eedaf.jpg,3744,5691,399,4143
362,cf4008024.jpg,74007,31965,149,74156
363,bd70c4b99.jpg,61387,2554,29083,90470
364,3d4ac6276.jpg,22109,5878,9626,31735
365,471b423b1.jpg,12886,2481,111,12997
366,4ca64717c.jpg,6,713,4874,4880
367,e3e1bb16a.jpg,1672,931,1017,2689
368,4e2c9230d.jpg,82585,12848,6728,89313
369,f71c37a0f.jpg,15008,4853,522,15530
370,8abd1fbf5.jpg,262,3,1755,2017
371,e007cfe77.jpg,2038,2716,366,2404
372,7ea03b257.jpg,45662,9848,5828,51490
373,15ce9e5cf.jpg,7374,423,4257,11631
374,880f0b8cc.jpg,54164,6678,14589,68753
375,44ad9ef30.jpg,837,3021,4725,5562
376,c4d5657bc.jpg,35146,29340,619,35765
377,f6d99d582.jpg,1061,1317,1229,2290
378,4bfbe85ff.jpg,62204,38694,1303,63507
379,4f323a756.jpg,9648,1055,1682,11330
380,e685f521b.jpg,8424,854,24,8448
381,50ac457cb.jpg,2278,4389,0,2278
382,8fc4cc556.jpg,12070,11909,16,12086
383,8c3539cdd.jpg,6164,5272,6608,12772
384,08b539d11.jpg,118925,13860,13628,132553
385,7a7282702.jpg,4464,4962,2131,6595
386,286f459e6.jpg,38165,1997,9011,47176
387,86abf2aef.jpg,2414,280,2198,4612
388,30c2d753f.jpg,7127,1764,3735,10862
389,db03ee270.jpg,35749,9025,1355,37104
390,fc62ebb8b.jpg,3411,783,4955,8366
391,3f39b85b9.jpg,14497,14281,699,15196
392,f2a7da76d.jpg,987,918,140,1127
393,6aadb8486.jpg,7993,2530,12004,19997
394,09e15218c.jpg,52472,7389,7316,59788
395,f60b4d359.jpg,15924,1713,1694,17618
396,054190eb2.jpg,58519,6541,1605,60124
397,434d03372.jpg,10501,672,10855,21356
398,5a46b4407.jpg,3324,9,7613,10937
399,a39b0ef7e.jpg,0,0,630,630
400,dfc895f18.jpg,20441,1103,3732,24173
401,e806a6fd3.jpg,0,820,2012,2012
402,4bc04da70.jpg,8384,3277,46,8430
403,0f8305adb.jpg,15099,3421,568,15667
404,a5c3d1132.jpg,1931,622,2894,4825
405,822ccb565.jpg,25986,1799,5235,31221
406,1e0980950.jpg,103027,40562,8147,111174
407,f5a4016bb.jpg,4249,579,4508,8757
408,689af3e16.jpg,28860,12102,3871,32731
409,214b9bd1a.jpg,4237,1282,22038,26275
410,b1623b91f.jpg,5371,1653,11474,16845
411,5c238e376.jpg,16590,2684,3027,19617
412,301fc5e57.jpg,79122,16870,2518,81640
413,c85251430.jpg,3564,74,1185,4749
414,4dd52fc23.jpg,42563,11015,37237,79800
415,36a39e435.jpg,11502,9316,267,11769
416,2c37ea89f.jpg,2899,4126,4023,6922
417,8417eb22d.jpg,12334,2038,389,12723
418,4f7972e7c.jpg,0,6179,1484,1484
419,523fee62c.jpg,53064,8353,4644,57708
420,ed1e66f9c.jpg,39787,3209,21,39808
421,b68a9259a.jpg,31371,8936,9125,40496
422,6fcd94e33.jpg,1633,6328,2,1635
423,577afb2d8.jpg,22500,4329,2883,25383
424,a6b00abd7.jpg,4164,659,4779,8943
425,a559091c5.jpg,764,1522,616,1380
426,6915f678b.jpg,10054,1758,3645,13699
427,5b175c18c.jpg,66264,12191,13522,79786
428,71b3a6858.jpg,3398,4141,2019,5417
429,6276bd13c.jpg,998,2727,3269,4267
430,8f64891a6.jpg,8338,713,3822,12160
431,036c4e5d2.jpg,0,5243,6348,6348
432,24884c39c.jpg,21468,2603,1583,23051
433,0e106d482.jpg,2236,4035,39,2275
434,a13c52c08.jpg,470,34,1024,1494
435,dbd7ba010.jpg,30279,8946,2589,32868
436,cc9e159dd.jpg,4070,2739,3220,7290
437,1e7c529a2.jpg,1308,207,512,1820
438,2467e2b6e.jpg,9563,659,1120,10683
439,c987a8155.jpg,10630,8965,386,11016
440,c30efa47d.jpg,783,3,2014,2797
441,d6505b987.jpg,172038,7914,8607,180645
442,e741e43bd.jpg,6677,1614,1377,8054
443,eef2cc092.jpg,4357,1825,2649,7006
444,f1699cb5a.jpg,36770,26951,0,36770
445,6c62c50e3.jpg,0,0,8238,8238
446,fcd374576.jpg,3010,2560,50,3060
447,0095cd374.jpg,10175,2741,1574,11749
448,77e5c398e.jpg,103391,11983,24676,128067
449,8bb208f36.jpg,5580,11049,2963,8543
450,6e7bace88.jpg,18721,31,4494,23215
451,80f2eef6e.jpg,7327,511,4326,11653
452,32dca5f32.jpg,2836,1724,261,3097
453,5c201d9e7.jpg,1005,159,267,1272
454,5aff55ed5.jpg,10586,1253,2108,12694
455,31cf10f6e.jpg,42754,3157,5535,48289
456,4d967fdb0.jpg,12534,5997,2109,14643
457,9eb76f829.jpg,4626,3215,379,5005
458,53994e13b.jpg,5072,314,340,5412
459,30bb7b7a3.jpg,10668,900,7759,18427
460,c720250a2.jpg,5504,1072,424,5928
461,4b925c919.jpg,32539,10787,7433,39972
462,90daee822.jpg,9065,588,1138,10203
463,d67745c5b.jpg,4598,4707,0,4598
464,c7aeb9c82.jpg,35179,17374,1797,36976
465,15e21dfad.jpg,58476,5186,3691,62167
466,e56f52c1e.jpg,3112,2560,0,3112
467,a56df9123.jpg,316,3203,0,316
468,4aca6c4a7.jpg,3140,2856,963,4103
469,e7c915edc.jpg,0,2773,7919,7919
470,2c8c3cb8a.jpg,25973,2986,41705,67678
471,d169e1b81.jpg,68279,23506,32558,100837
472,c63e60886.jpg,4309,3254,9869,14178
473,48626da29.jpg,5318,4479,481,5799
474,2395db536.jpg,2986,2041,5796,8782
475,8f38c1314.jpg,18623,4366,2763,21386
476,f67e682da.jpg,57486,2878,20186,77672
477,c293952c8.jpg,11836,1900,669,12505
478,6e30a9e9f.jpg,16227,26303,9498,25725
479,713f8ef91.jpg,7624,3915,1182,8806
480,21f157362.jpg,14496,5627,4520,19016
481,09d84ff22.jpg,5541,680,5839,11380
482,df70a7e07.jpg,0,0,1305,1305
483,0e5981679.jpg,20776,4549,3387,24163
484,a81d409c6.jpg,6747,1351,556,7303
485,636214476.jpg,11321,1415,2721,14042
486,6f46868d9.jpg,7606,5713,19,7625
487,50cfeaca4.jpg,151675,17246,42263,193938
488,50ac97479.jpg,12024,3458,486,12510
489,75785b3eb.jpg,40782,1900,50,40832
490,172e692e1.jpg,10454,343,2454,12908
491,ada3dacbe.jpg,4421,232,2356,6777
492,1f4161475.jpg,0,0,4434,4434
493,568439b6c.jpg,2615,2631,1227,3842
494,8ad6069fe.jpg,278,6777,4724,5002
495,d3993f134.jpg,171560,26961,24989,196549
496,4854add54.jpg,28070,2326,3085,31155
497,ea675dd1e.jpg,51637,1904,5399,57036
498,2e8733afa.jpg,17005,5571,2279,19284
499,6ec88b7f7.jpg,20225,6435,46672,66897
500,c9091ca20.jpg,232,1742,2485,2717
501,ad5a2ea44.jpg,4473,217,391,4864
502,7a2096ee2.jpg,34324,20057,4983,39307
503,206c20ee0.jpg,50,2966,5304,5354
504,8eddcadff.jpg,60418,8817,10741,71159
505,d490180a3.jpg,4969,2732,12,4981
506,b657c7ed4.jpg,3443,3011,88,3531
507,7f281a162.jpg,3004,200,949,3953
508,2247fd7f0.jpg,4193,35,3401,7594
509,c80be4ee4.jpg,9264,2593,153,9417
510,a0c650375.jpg,5590,1001,1872,7462
511,d7749f865.jpg,106170,16919,17507,123677
512,56aaf82ea.jpg,1557,4770,0,1557
513,a4a648cf6.jpg,36279,14605,51,36330
514,3604dfc38.jpg,15572,1020,1068,16640
515,4b286bf39.jpg,10410,3393,693,11103
516,737ae5c95.jpg,62946,21890,28622,91568
517,6d6280d5e.jpg,27278,13654,1574,28852
518,c389100a5.jpg,570,1878,2395,2965
519,cef5ff47d.jpg,1859,4727,0,1859
520,6e785e50c.jpg,6061,18,1850,7911
521,eb4225311.jpg,812,791,2036,2848
522,398bf3c20.jpg,31,1142,2672,2703
523,395381ac8.jpg,357,30422,3374,3731
524,f84ae7a4b.jpg,3709,27,3346,7055
525,68c9524d6.jpg,4368,961,1286,5654
526,d3369b607.jpg,12063,4181,3766,15829
527,0534f1b45.jpg,21020,3632,13175,34195
528,d407563d4.jpg,25945,5491,5600,31545
529,1c0d8bcd0.jpg,2186,6311,88,2274
530,13ca110ae.jpg,1055,1786,11,1066
531,93b2882fd.jpg,10260,3535,2898,13158
532,a7e79695b.jpg,928,15,2024,2952
533,17d02873a.jpg,8337,1803,2163,10500
534,9553974f4.jpg,120611,47150,1304,121915
535,1287339e5.jpg,1347,3979,3737,5084
536,b9e47cf86.jpg,371,1114,1304,1675
537,2959d7fb1.jpg,2570,3703,0,2570
538,cacd251d2.jpg,3706,1776,4642,8348
539,863868ed4.jpg,2027,1708,1444,3471
540,8364cd311.jpg,22227,5479,1188,23415
541,117ddaa9f.jpg,911,3083,6302,7213
542,bfb064127.jpg,44886,15391,4946,49832
543,99923d074.jpg,5621,744,1941,7562
544,4c2b3ccc9.jpg,30940,7955,5216,36156
545,e7fb372da.jpg,6219,1418,18941,25160
546,33368929c.jpg,891,3236,11,902
547,e7d7c87e2.jpg,5464,10,5378,10842
548,409adafbe.jpg,4271,1281,74,4345
549,edcf5abf7.jpg,0,0,1443,1443
550,1ad10c316.jpg,929,1440,0,929
551,7ee479373.jpg,9596,1138,1174,10770
552,bd1e7ea2d.jpg,6474,845,5230,11704
553,b70e904f7.jpg,3823,2505,14023,17846
554,10e429bfc.jpg,2264,7300,11524,13788
555,92932546c.jpg,38559,5064,1128,39687
556,cba39a205.jpg,17388,4857,14688,32076
557,49e3afca8.jpg,37989,4310,3641,41630
558,4345db2fc.jpg,135555,12484,858,136413
559,522d34082.jpg,4347,40,4129,8476
560,d535c41bf.jpg,240431,46764,2735,243166
561,e56c928ee.jpg,43087,4864,6775,49862
562,9ddc8a514.jpg,53693,31777,1272,54965
563,aa218783a.jpg,39776,12837,2228,42004
564,c2b446019.jpg,20863,2683,2481,23344
565,dbc93dc99.jpg,10494,6665,12971,23465
566,9f34c4775.jpg,39124,21514,11130,50254
567,aefa93267.jpg,2563,2943,904,3467
568,67579f49a.jpg,99656,15036,25754,125410
569,423caf51d.jpg,7324,2644,737,8061
570,81b6f3cca.jpg,3950,3579,2444,6394
571,6dbd47d4f.jpg,1774,187,1700,3474
572,a5aa4829b.jpg,6985,688,4497,11482
573,504e47cce.jpg,206542,19648,5246,211788
574,f6c5aad59.jpg,0,8583,10671,10671
575,b868c43ca.jpg,424,7313,3208,3632
576,4cbb91ed2.jpg,13548,9980,15339,28887
577,6c9f54be2.jpg,38278,7354,0,38278
578,8c81bbce4.jpg,4326,1433,1084,5410
579,917607322.jpg,1081,1060,4768,5849
580,e717ccca6.jpg,18331,8091,2124,20455
581,2e35ebe13.jpg,52132,3334,9718,61850
582,276111a31.jpg,48551,447,3158,51709
583,194cce1be.jpg,821,1165,3852,4673
584,9753787e9.jpg,3312,7302,4801,8113
585,4014c79d3.jpg,19788,2024,1497,21285
586,a154fdcfd.jpg,19488,2471,152461,171949
587,5a3c3a927.jpg,2414,1714,389,2803
588,1ccb093e6.jpg,3691,3902,144,3835
589,2e55a1149.jpg,75943,21920,714,76657
590,f06fbd0e7.jpg,1936,796,2968,4904
591,4d042c66f.jpg,77835,12836,3720,81555
592,a14e96726.jpg,8928,912,7909,16837
593,c2d0a2e19.jpg,19799,42050,173,19972
594,cd634f053.jpg,2442,5840,4248,6690
595,135fe211d.jpg,2859,485,3481,6340
596,8d36899b1.jpg,20721,607,5026,25747
597,1b9fb7411.jpg,97029,16144,10137,107166
598,e8814afd2.jpg,10941,817,1660,12601
599,b3bbd7121.jpg,0,355,1332,1332
600,c3a93c97a.jpg,23044,14994,1462,24506
601,1e1d1606e.jpg,17833,347,17182,35015
602,1b7bec2ba.jpg,1714,2476,3,1717
603,fed23a483.jpg,35271,17575,4685,39956
604,4fe777e50.jpg,17908,5386,457,18365
605,066ecd182.jpg,32916,4578,14541,47457
606,f95284047.jpg,4509,1505,1273,5782
607,f32454873.jpg,2741,569,1967,4708
608,410194f0a.jpg,1992,1805,1547,3539
609,974f00b13.jpg,67362,20068,5056,72418
610,83476e834.jpg,3385,3726,2588,5973
611,d74c7c967.jpg,25896,3691,4404,30300
612,c24f45fd3.jpg,26070,5530,15982,42052
613,7095dc41e.jpg,29909,5276,4188,34097
614,bb1c6efac.jpg,12431,805,5950,18381
615,61f22bd01.jpg,1858,6456,9,1867
616,48c466789.jpg,19053,14490,9184,28237
617,946525536.jpg,3212,3465,154,3366
618,fcddbcbc0.jpg,849,1149,0,849
619,71ce72925.jpg,4038,489,381,4419
620,1fd098a38.jpg,1872,840,1800,3672
621,5727d7f96.jpg,0,10067,4689,4689
622,bde2a33eb.jpg,91591,29554,15719,107310
623,7e7647e70.jpg,829,1052,273,1102
624,57d157679.jpg,18820,1938,2549,21369
625,394edb848.jpg,42031,2143,342,42373
626,79b0f1510.jpg,1649,1031,11,1660
627,359e3fb7c.jpg,1665,2026,3921,5586
628,47cee01b1.jpg,1561,221,441,2002
629,b08d40600.jpg,1356,2928,2909,4265
630,c970d2407.jpg,3461,33647,47101,50562
631,19a3acdeb.jpg,172185,5886,6234,178419
632,616646b4d.jpg,4909,3136,8895,13804
633,ce4d5f713.jpg,57583,18438,34,57617
634,ad9ad21f4.jpg,6926,1709,255,7181
635,c135aedee.jpg,4709,47,1682,6391
636,29124169b.jpg,1752,1001,3259,5011
637,008d0f87b.jpg,5481,4988,5028,10509
638,81847fd11.jpg,49286,19486,863,50149
639,f81b617ec.jpg,53496,4603,7930,61426
640,dce70d399.jpg,1485,2542,2971,4456
641,be2216e98.jpg,912,1805,3114,4026
642,59ce36e8a.jpg,11138,1484,2254,13392
643,c8ed5e8ab.jpg,41635,31453,7800,49435
644,4733edde8.jpg,8489,1668,1466,9955
645,7c159d683.jpg,15053,7022,2995,18048
646,23d77b3df.jpg,88974,24023,2198,91172
647,e840cf262.jpg,4309,2509,23,4332
648,ef21b3e57.jpg,9218,639,2686,11904
649,43e5215d6.jpg,5773,3913,80,5853
650,50bab4d98.jpg,41039,14129,6805,47844
651,c7a7f24d9.jpg,3972,714,12374,16346
652,b9bef4fe1.jpg,0,600,1267,1267
653,7cfcbdc4a.jpg,40452,8997,3632,44084
654,f4f73481c.jpg,3844,3331,2319,6163
655,f8ff8457a.jpg,18489,2482,1997,20486
656,4e39d8c5c.jpg,59374,22611,14897,74271
657,bb1977eed.jpg,19456,1409,1438,20894
658,d2bf41a92.jpg,36775,26265,76,36851
659,d32cc0a14.jpg,10881,1672,1104,11985
660,104e612c2.jpg,7434,2225,1634,9068
661,bf828b30d.jpg,7914,2894,740,8654
662,843f0ae15.jpg,68481,14338,7758,76239
663,c357d41a1.jpg,9014,3104,2375,11389
664,2ef6ad027.jpg,37633,2063,6242,43875
665,c6cb040ad.jpg,5105,655,626,5731
666,0bc3f8ce8.jpg,5287,909,714,6001
667,15e8d5e3d.jpg,44481,3751,30602,75083
668,5bbd809c4.jpg,47303,16069,12474,59777
669,02c4655ff.jpg,0,0,7274,7274
670,65eed1612.jpg,4872,2248,308,5180
671,eed32de1b.jpg,2471,466,5273,7744
672,c2bc67c36.jpg,2466,1358,199,2665
673,a3c477831.jpg,28071,6989,1230,29301
674,6eda6852e.jpg,16789,1899,1588,18377
675,d178d246a.jpg,17359,4786,2612,19971
676,a28a7b7be.jpg,3686,87,8753,12439
677,0d2a4e766.jpg,3833,1147,1203,5036
678,afb3e0467.jpg,2736,3977,336,3072
679,2debaa43a.jpg,381,5118,6025,6406
680,50c8a63b1.jpg,32610,5415,30,32640
681,485ed6221.jpg,2034,1382,3619,5653
682,e003d691f.jpg,12433,7127,95,12528
683,2eeed5102.jpg,2972,1629,1495,4467
684,acd295ec3.jpg,4174,1131,2848,7022
685,e054a983d.jpg,3160,305,2264,5424
686,57a71495a.jpg,41002,39303,6393,47395
687,d9acdf5cd.jpg,13113,1931,1058,14171
688,7454d922e.jpg,2126,1026,3861,5987
689,c62ca3c1f.jpg,4456,889,4157,8613
690,d58a16a93.jpg,23377,268,4091,27468
691,8b9681587.jpg,4967,975,2805,7772
692,b5b99c878.jpg,32564,2614,6775,39339
693,974b07e79.jpg,12484,3465,496,12980
694,749407e33.jpg,6051,1581,1973,8024
695,b799d56cd.jpg,5470,2260,98,5568
696,398ecb719.jpg,7,5147,9792,9799
697,6defb795f.jpg,3945,699,1467,5412
698,3f272083c.jpg,998,4618,2198,3196
699,be3b49756.jpg,53982,2371,22345,76327
700,e6feea803.jpg,2133,828,7124,9257
701,735d9afc3.jpg,10421,34,3495,13916
702,085a9eea6.jpg,8307,5801,2317,10624
703,afc26c2a0.jpg,8763,4366,863,9626
704,7c95f2d2d.jpg,10111,2648,755,10866
705,a4906327e.jpg,23263,330,8230,31493
706,0046839bd.jpg,4137,914,1116,5253
707,eef087050.jpg,2771,6087,5522,8293
708,eb8fe7e47.jpg,8478,3617,3426,11904
709,d4aeee4c8.jpg,49262,9278,8401,57663
710,b68c2531c.jpg,3746,167,2451,6197
711,a2bdcd021.jpg,2732,2107,2131,4863
712,5d8690cf6.jpg,83067,3955,3077,86144
713,15547c309.jpg,8093,5201,1390,9483
714,1d32009ed.jpg,0,5750,4786,4786
715,2a374ceaa.jpg,101409,12416,3656,105065
716,fb252eb78.jpg,1540,1619,0,1540
717,014ebe543.jpg,6359,730,3713,10072
718,a6b3d554a.jpg,0,37,2495,2495
719,eab4edf22.jpg,5331,214,156,5487
720,5a2a644d9.jpg,1905,6554,4344,6249
721,e4d9efbaa.jpg,1983,910,4998,6981
722,271551c4f.jpg,6323,1154,17626,23949
723,6fe50d73a.jpg,168643,16938,24057,192700
724,bf24a03ac.jpg,0,865,1909,1909
725,6cf26b38c.jpg,1197,1377,369,1566
726,bfab9345f.jpg,0,2294,3653,3653
727,92fb94f69.jpg,764,2243,3061,3825
728,4c770beb5.jpg,30379,5593,8011,38390
729,b537ab3ce.jpg,16120,2772,4833,20953
730,9d3f69524.jpg,9707,7345,22,9729
731,c873d7724.jpg,275715,57461,40699,316414
732,c5da9e8c7.jpg,10093,1948,2364,12457
733,b5d9dfe6d.jpg,25695,4127,31996,57691
734,ab1293c8f.jpg,32824,5797,4195,37019
735,5a036a042.jpg,24694,12432,52,24746
736,534991d20.jpg,733,1458,0,733
737,2dcff4a4e.jpg,12848,2007,3498,16346
738,3dffc3010.jpg,733,1934,14,747
739,02b2d3aa4.jpg,2398,1731,4122,6520
740,3a6a4078f.jpg,16315,2196,2609,18924
741,144fdd925.jpg,3504,3268,0,3504
742,55303df62.jpg,19528,10877,5011,24539
743,bfd24be30.jpg,9013,2749,14398,23411
744,dcf78e7eb.jpg,3828,5467,3820,7648
745,7ec79c490.jpg,3437,895,1059,4496
746,22553cebc.jpg,11102,3373,729,11831
747,2bed8342d.jpg,14274,38461,4082,18356
748,c6510fb5a.jpg,8726,752,2838,11564
749,56edcc37a.jpg,15469,1454,1410,16879
750,483e4b5f7.jpg,11618,2067,425,12043
751,409502827.jpg,7168,4721,620,7788
752,121d3818a.jpg,36033,14455,14800,50833
753,80841e418.jpg,2142,8800,31,2173
754,22fb4b286.jpg,4482,2795,3226,7708
755,a33b2c662.jpg,29935,5602,6242,36177
756,b3aa31a86.jpg,144299,9399,22290,166589
757,b87a1d850.jpg,32761,14147,6439,39200
758,1a15e33ae.jpg,2552,317,2696,5248
759,a30fe9da2.jpg,12983,874,7542,20525
760,0696cfa05.jpg,102596,7065,5690,108286
761,290e00273.jpg,7337,8303,1,7338
762,0526d780c.jpg,12208,883,1872,14080
763,d6ef360e3.jpg,38556,698,9737,48293
764,b69d1ed6a.jpg,5808,344,4216,10024
765,ea463471d.jpg,0,8025,6844,6844
766,400eedff4.jpg,4635,1786,125,4760
767,f32bb5699.jpg,10736,29130,2001,12737
768,7f30a2a1e.jpg,5814,151,661,6475
769,d1a774781.jpg,9722,1192,518,10240
770,51b211df9.jpg,1288,2295,8366,9654
771,68511f15f.jpg,556,162,1640,2196
772,c9d2f6b05.jpg,6869,503,6762,13631
773,fa8f73d4b.jpg,4689,872,1982,6671
774,e495d5456.jpg,37735,9439,20938,58673
775,8edd818de.jpg,14100,1426,1846,15946
776,08605c0eb.jpg,38112,7134,11862,49974
777,58ee62fd7.jpg,9301,1020,1043,10344
778,484439824.jpg,291,0,6446,6737
779,420ba281d.jpg,1799,2451,116,1915
780,5545e4b0f.jpg,94122,8306,29569,123691
781,ee21b4b2d.jpg,7173,763,1322,8495
782,533926801.jpg,696,143,4732,5428
783,963b7a441.jpg,4841,1474,4542,9383
784,ee4c5ab7f.jpg,66515,8431,3727,70242
785,9078fb095.jpg,134413,13497,2175,136588
786,c22accc84.jpg,0,1218,5356,5356
787,df55b085a.jpg,10009,779,4923,14932
788,b8f684e65.jpg,4876,1859,5810,10686
789,9b09b2a38.jpg,4008,2508,61,4069
790,2749c24a9.jpg,0,667,4608,4608
791,71f687e7d.jpg,13021,2372,826,13847
792,056e34021.jpg,2548,890,7640,10188
793,3012f44e9.jpg,42600,4183,3056,45656
794,14e90eb54.jpg,36651,3084,10707,47358
795,c0dee2521.jpg,4866,1828,514,5380
796,fc5e5979c.jpg,9854,3192,651,10505
797,ef60f8163.jpg,11446,1083,4634,16080
798,733e36f26.jpg,12,0,4348,4360
799,76a7e1815.jpg,20071,4328,4679,24750
800,698995345.jpg,0,2802,1365,1365
801,0bc0d715e.jpg,4848,3170,2,4850
802,8beef62a7.jpg,5673,2707,2375,8048
803,c9415c620.jpg,11232,3629,2213,13445
804,286d2eb1c.jpg,12063,3638,2778,14841
805,de37ca856.jpg,118626,24862,9285,127911
806,58c262a8b.jpg,677,2042,6559,7236
807,20964a4f0.jpg,15566,15445,3926,19492
808,4a9bd840f.jpg,89545,16161,8813,98358
809,da691bc2e.jpg,4323,4276,716,5039
810,13b66e5de.jpg,6412,7209,13023,19435
811,66987e071.jpg,251454,17081,13044,264498
812,1bea66c7a.jpg,17205,1527,1132,18337
813,8dbca8b82.jpg,29010,656,7213,36223
814,4784189ec.jpg,3802,1889,13669,17471
815,cb9e7a337.jpg,93,2999,3113,3206
816,0ac9936af.jpg,0,3802,4086,4086
817,66c7d94b2.jpg,3929,1015,533,4462
818,cd23d4841.jpg,12894,2207,14,12908
819,1740fcd28.jpg,7114,736,2794,9908
820,8ac717af9.jpg,0,263,1142,1142
821,be4279ae1.jpg,26675,1399,6073,32748
822,9bc62ca61.jpg,6437,3684,5641,12078
823,d18bec611.jpg,7366,2366,2164,9530
824,653655d53.jpg,520,322,1161,1681
825,2188f5429.jpg,2933,285,922,3855
826,e30ea20d9.jpg,138595,32224,6303,144898
827,1664d4b17.jpg,1488,130,1368,2856
828,afbab41f0.jpg,6315,810,5474,11789
829,d5b37beb7.jpg,935,165,817,1752
830,1aa2ba1b5.jpg,8991,953,8973,17964
831,3cb1c14c8.jpg,1154,2069,1749,2903
832,3116edfe6.jpg,2680,185,349,3029
833,00d639396.jpg,40008,221,18021,58029
834,38a1d7aab.jpg,4429,1446,94191,98620
835,b568146ec.jpg,3569,975,2642,6211
836,de3e52e11.jpg,2494,473,193,2687
837,6d9559d13.jpg,2331,2440,862,3193
838,262db4b7e.jpg,2103,639,10303,12406
839,c7f93d8bd.jpg,3974,1587,1915,5889
840,3c4a1b57f.jpg,813,70,431,1244
841,f5b50a959.jpg,0,5382,4157,4157
842,5303447ca.jpg,5487,2351,3075,8562
843,c83361e9d.jpg,2451,4476,206,2657
844,fbbb8f8b2.jpg,12805,515,3867,16672
845,a77af14dd.jpg,839,152,6986,7825
846,679af1ef8.jpg,18557,7683,1689,20246
847,047fa15d0.jpg,15952,8553,176,16128
848,49b34e921.jpg,43228,9139,1618,44846
849,b5cdb72ff.jpg,3767,1502,4090,7857
850,4adc459d5.jpg,0,0,150,150
851,23bb4d637.jpg,28944,4805,423,29367
852,fbdc2daae.jpg,1954,5276,0,1954
853,0ea151b2f.jpg,22433,8801,20492,42925
854,40466495a.jpg,12692,5391,556,13248
855,d11f3fd35.jpg,5406,44,1347,6753
856,74661f8d7.jpg,19866,2860,2942,22808
857,748dffce7.jpg,40,7036,5264,5304
858,d85f94a97.jpg,4016,3050,403,4419
859,40e52c68b.jpg,12152,8184,1149,13301
860,f45b2b2b0.jpg,11880,2071,568,12448
861,443f8564b.jpg,10441,3597,2948,13389
862,b3920826e.jpg,778,4853,25793,26571
863,306b1dbc1.jpg,22314,2544,8970,31284
864,6dccafc26.jpg,14784,2504,1862,16646
865,193eeae52.jpg,26091,2419,5303,31394
866,ef8c8a263.jpg,65147,6201,10922,76069
867,a0ce98154.jpg,4434,4784,8301,12735
868,d97933f5f.jpg,4048,1573,23875,27923
869,1fc012f23.jpg,69914,14694,13362,83276
870,20617dd9a.jpg,8361,3257,2826,11187
871,a0a34a07c.jpg,45526,8492,6775,52301
872,b2488a745.jpg,7776,3057,963,8739
873,f95d6f436.jpg,4759,4128,1706,6465
874,97a67b410.jpg,20426,1568,5461,25887
875,cf0641053.jpg,12638,1934,3924,16562
876,40aae2e57.jpg,68329,27184,10909,79238
877,603bb9003.jpg,3493,3027,3701,7194
878,c85ed5c64.jpg,3150,585,5852,9002
879,54780d890.jpg,5412,2111,1257,6669
880,77e1644b2.jpg,69262,5878,3945,73207
881,a2b2c9e3e.jpg,127317,4031,4918,132235
882,febd24f9a.jpg,39331,97,30722,70053
883,b378e4122.jpg,84084,13669,5457,89541
884,19c3a9c48.jpg,13259,1906,2268,15527
885,b6c0a38e9.jpg,16851,4738,3343,20194
886,a4e947fb4.jpg,85511,32140,2548,88059
887,60a4b3df2.jpg,7648,371,3199,10847
888,39c094b3d.jpg,7087,661,3585,10672
889,5af025ad7.jpg,62360,30277,7167,69527
890,ed9f593a2.jpg,1616,5456,8,1624
891,a05708135.jpg,15335,4739,2293,17628
892,18ba753ff.jpg,1031,1519,79,1110
893,77e68176f.jpg,240,11,969,1209
894,85b72c878.jpg,1439,219,2528,3967
895,0a8306bfe.jpg,0,17,2593,2593
896,367553727.jpg,8303,1936,1876,10179
897,79af8b197.jpg,162441,24002,6255,168696
898,123b0882e.jpg,6203,4878,5262,11465
899,6430ea237.jpg,1139,4228,2800,3939
900,b925ef3b7.jpg,2671,4968,3878,6549
901,7f577c471.jpg,1446,2333,459,1905
902,0a9aaba9a.jpg,30235,10080,141,30376
903,00ec97699.jpg,7603,1678,1518,9121
904,74048991c.jpg,38563,3060,10,38573
905,f27dfe80a.jpg,56683,5058,5834,62517
906,ce58cf8e1.jpg,27497,8881,3883,31380
907,b07380a2e.jpg,0,0,1337,1337
908,6f5080dd7.jpg,8172,3581,1044,9216
909,91222b4c9.jpg,134357,26839,322,134679
910,5ff5438f5.jpg,2958,94,1715,4673
911,8a75d73d9.jpg,5651,731,6090,11741
912,537e66c26.jpg,0,0,896,896
913,ed54a41e1.jpg,144440,26902,9925,154365
914,cd475d2a3.jpg,168315,34861,7469,175784
915,08de8df60.jpg,5119,1380,4666,9785
916,d44db82d2.jpg,11998,1009,1249,13247
917,7158531d8.jpg,40475,2758,1274,41749
918,a5c7ae660.jpg,2656,1885,1334,3990
919,c33296732.jpg,5000,726,595,5595
920,29f50b1fd.jpg,1061,5727,0,1061
921,27f44281b.jpg,3517,2189,966,4483
922,8e9103c91.jpg,9598,2156,153,9751
923,ecb3a4be6.jpg,65382,21595,9296,74678
924,9bd5122c0.jpg,20534,6639,7923,28457
925,736c09835.jpg,1330,1205,14336,15666
926,2f5690028.jpg,7668,20,4340,12008
927,178490b45.jpg,4897,713,5688,10585
928,eb44ad79d.jpg,48725,9219,13079,61804
929,865574894.jpg,15841,3773,0,15841
930,6308e03ad.jpg,1499,708,1709,3208
931,47cf3a13c.jpg,974,179,4687,5661
932,8ec6ccc3c.jpg,1007,209,1884,2891
933,8d1cd3b88.jpg,9220,10109,12099,21319
934,3688df8e4.jpg,3413,108,1315,4728
935,f4dde5dac.jpg,526,2769,371,897
936,0d99ab39c.jpg,8632,1437,447,9079
937,e29d6c141.jpg,471,185,2781,3252
938,6745075b9.jpg,26121,6911,1275,27396
939,9d22ddbf2.jpg,4571,877,3293,7864
940,570cb5438.jpg,29953,4639,4883,34836
941,9557969ee.jpg,4222,128,10277,14499
942,af828b126.jpg,0,249,4114,4114
943,0ed6dadbd.jpg,5581,422,51,5632
944,4345c2b85.jpg,4039,1602,1882,5921
945,7982045ad.jpg,15630,9370,5531,21161
946,757aa3828.jpg,0,1136,2969,2969
947,f37003c14.jpg,1387,923,1745,3132
948,cdef07364.jpg,938,757,3763,4701
949,a7d470272.jpg,80889,13500,791,81680
950,cbc860446.jpg,8138,1142,532,8670
951,844a48ae2.jpg,8833,3764,219,9052
952,5fa81f2b5.jpg,9307,5416,275,9582
953,cecab5a39.jpg,31021,4645,13804,44825
954,448e30068.jpg,0,6,1635,1635
955,ac7848f35.jpg,286411,66532,7438,293849
956,a0ee1d0ac.jpg,8538,411,638,9176
957,670dc6f72.jpg,48330,23876,18985,67315
958,554710095.jpg,9282,1495,3518,12800
959,9ecb2f113.jpg,55898,19179,5269,61167
960,8aa3af3da.jpg,50284,13682,756,51040
961,72b465391.jpg,381,2458,1932,2313
962,9163ec76b.jpg,11587,11696,21,11608
963,711e49f96.jpg,4797,0,2243,7040
964,fa130006f.jpg,16743,1773,2088,18831
965,b5867dc30.jpg,4542,112,687,5229
966,8d938b3e7.jpg,17363,3126,3239,20602
967,aa49482e5.jpg,12713,6923,1,12714
968,ee346cc79.jpg,5199,768,3121,8320
969,6bf94eea0.jpg,9232,4552,6635,15867
970,ebb817ec9.jpg,13486,3090,134,13620
971,81b699f38.jpg,7310,17,1121,8431
972,099e4e39a.jpg,8323,1041,244,8567
973,708756850.jpg,9798,983,886,10684
974,d860da430.jpg,4853,7203,3839,8692
975,e3988634c.jpg,176114,4748,18332,194446
976,c9ae4cb29.jpg,28921,9260,15154,44075
977,fafd76f70.jpg,5851,91,9181,15032
978,78b8acca7.jpg,15211,7345,2383,17594
979,4243c7476.jpg,0,9517,4704,4704
980,6714ba056.jpg,64801,10853,15309,80110
981,669dbcc19.jpg,0,3776,9151,9151
982,b79a0d30f.jpg,0,7209,11719,11719
983,d77e9ff45.jpg,2694,3689,800,3494
984,56a9e36dd.jpg,13886,3764,12601,26487
985,7e57b31f7.jpg,180,2827,1578,1758
986,d55dd8719.jpg,1630,982,3470,5100
987,6c209695d.jpg,10262,1342,2445,12707
988,4c6110948.jpg,16299,2388,2752,19051
989,35a9b77c6.jpg,28334,32530,4525,32859
990,5064ecb6d.jpg,31269,963,2759,34028
991,58384cf41.jpg,208215,13175,18855,227070
992,0a405b396.jpg,28888,6694,8175,37063
993,20edbd1a8.jpg,34371,6722,9008,43379
994,7d9d29d28.jpg,2423,289,2035,4458
995,63cea57a1.jpg,0,241,1495,1495
996,49b83d8fa.jpg,0,0,5433,5433
997,e0cf5558b.jpg,13264,1929,940,14204
998,6b7e04658.jpg,3727,2846,2324,6051
999,79dc6e410.jpg,18490,3593,4487,22977
1000,dabbc106c.jpg,23406,12178,4566,27972
1001,ff6bfada2.jpg,76806,11521,6364,83170
1002,4bb7baa20.jpg,3586,173,374,3960
1003,c70702ea2.jpg,77993,7589,40194,118187
1004,9546b5abe.jpg,6729,1706,780,7509
1005,f7c7f6fc7.jpg,9738,22598,917,10655
1006,284f0aee6.jpg,32872,6884,8579,41451
1007,4dd35625f.jpg,62703,8486,12498,75201
1008,e880e3468.jpg,29011,2596,1255,30266
1009,32eca38d5.jpg,14335,5799,3912,18247
1010,606f35768.jpg,0,0,1938,1938
1011,4613d520c.jpg,7455,1532,357,7812
1012,c79086497.jpg,58123,9289,11965,70088
1013,97eb88e35.jpg,5442,423,10501,15943
1014,554d5a941.jpg,5401,990,443,5844
1015,8484468e0.jpg,4930,137,8917,13847
1016,470a96423.jpg,5401,3067,2477,7878
1017,9e2d7ad80.jpg,7113,697,3101,10214
1018,afb67e4d9.jpg,68988,8912,10505,79493
1019,11bda65f0.jpg,20425,1406,7050,27475
1020,eaaa61b15.jpg,7793,2538,701,8494
1021,948f9558f.jpg,14477,1487,2371,16848
1022,72cbdf3c1.jpg,5263,497,588,5851
1023,acfdc8ec2.jpg,162259,17198,9210,171469
1024,65b01c557.jpg,32749,4634,889,33638
1025,6b6a070d0.jpg,9789,1655,2890,12679
1026,8364a4654.jpg,47176,19373,551,47727
1027,105f93d9e.jpg,2129,1470,462,2591
1028,9846785ee.jpg,6334,385,1676,8010
1029,e7c69aea5.jpg,1723,78,2187,3910
1030,79ccb5e88.jpg,3803,1663,1537,5340
1031,575e5be94.jpg,41528,17394,8389,49917
1032,90cd42d5b.jpg,531,44,9449,9980
1033,195c2e0d0.jpg,13838,987,832,14670
1034,f5d8b0c31.jpg,7025,2431,116,7141
1035,9d2a467b0.jpg,5184,1641,2075,7259
1036,c8e26e892.jpg,0,3444,2064,2064
1037,e57c6ff76.jpg,4186,2458,4483,8669
1038,b62d34440.jpg,1797,939,2403,4200
1039,094fd70ea.jpg,63505,7850,2151,65656
1040,babc99f0c.jpg,2220,484,4111,6331
1041,95eaae02e.jpg,9299,1589,685,9984
1042,aff2b8b8a.jpg,4424,4908,56,4480
1043,f1119e073.jpg,3986,2333,2445,6431
1044,4f6a3b984.jpg,0,2135,6272,6272
1045,8e5a5ca0f.jpg,12197,1623,985,13182
1046,d2291de5c.jpg,2618,2623,1240,3858
1047,d2c14891a.jpg,3547,683,1130,4677
1048,b2e59bdaa.jpg,20961,224,1629,22590
1049,0f0c71c3e.jpg,4363,99,4067,8430
1050,d802b10c5.jpg,35807,8100,701,36508
1051,5ba141d56.jpg,5442,5747,591,6033
1052,d7eb453fe.jpg,3868,2440,321,4189
1053,4b9664b0a.jpg,3430,1318,791,4221
1054,68656ca18.jpg,0,9165,10371,10371
1055,d32f48999.jpg,14275,11943,180,14455
1056,e83d27de8.jpg,26575,1823,9652,36227
1057,4014d6f31.jpg,4987,2827,3717,8704
1058,c5a2172a9.jpg,1862,2139,3,1865
1059,55979505e.jpg,12309,832,1706,14015
1060,ac9c592aa.jpg,68032,3894,7817,75849
1061,bea834c94.jpg,40025,2166,15959,55984
1062,70a38928c.jpg,376,2221,3649,4025
1063,4448b4286.jpg,3133,837,2332,5465
1064,5b077082b.jpg,49746,15883,6005,55751
1065,d25356a51.jpg,17259,1927,4427,21686
1066,e941885fb.jpg,2828,2732,220,3048
1067,39d07881e.jpg,0,2456,2017,2017
1068,f917bca00.jpg,58923,24259,76,58999
1069,95a8e91c4.jpg,2440,672,108,2548
1070,3684a95a8.jpg,0,2616,2237,2237
1071,10d9f85be.jpg,1184,142,360,1544
1072,ac172af5a.jpg,23441,2239,10783,34224
1073,db1c5b4f7.jpg,3779,3526,2378,6157
1074,48f6abec0.jpg,5658,4028,30,5688
1075,8f3044c4f.jpg,9574,1270,723,10297
1076,2b01fd731.jpg,5049,2263,503,5552
1077,08808b1a2.jpg,3946,3538,2246,6192
1078,29da75230.jpg,2542,245,1442,3984
1079,400161088.jpg,13724,3722,442,14166
1080,babc63c5b.jpg,2285,2851,1316,3601
1081,eca0aa4ff.jpg,4643,230,2037,6680
1082,faa73f1d9.jpg,3429,942,376,3805
1083,0b7a4c9b9.jpg,78990,29784,1411,80401
1084,cbba0f365.jpg,2260,403,308,2568
1085,c3dc05f58.jpg,10552,287,3617,14169
1086,90f4dd6e5.jpg,3751,2246,0,3751
1087,0b1235e38.jpg,3727,406,3477,7204
1088,f78c3b312.jpg,111202,25614,7216,118418
1089,21b335784.jpg,80,342,5018,5098
1090,d6d3224d2.jpg,7218,2543,5686,12904
1091,961333d4e.jpg,2898,118,2524,5422
1092,0c9ae816d.jpg,7917,2900,270,8187
1093,489bc785a.jpg,6209,299,3252,9461
1094,2122b99c0.jpg,2040,2124,0,2040
1095,e12136afc.jpg,8666,1474,992,9658
1096,ba4284649.jpg,18290,10787,817,19107
1097,ff5590fbe.jpg,934,3575,1669,2603
1098,ccbeeb18a.jpg,3959,1240,695,4654
1099,7cf4f552c.jpg,2457,6,2426,4883
1100,988cf521f.jpg,260,103,4405,4665
1101,15f8fd390.jpg,0,1078,3055,3055
1102,7f3204217.jpg,12995,4847,3806,16801
1103,52be91fda.jpg,16705,1914,1861,18566
1104,b8b03dcfe.jpg,10983,2012,458,11441
1105,4340e1e42.jpg,78052,25666,4464,82516
1106,16a1cf5b9.jpg,15201,2920,3823,19024
1107,1ae56dead.jpg,1208,991,1,1209
1108,b72d341bf.jpg,8269,3434,73,8342
1109,84beeb839.jpg,2871,0,4587,7458
1110,a1982cad5.jpg,3631,913,186,3817
1111,d4af6d206.jpg,3957,194,2827,6784
1112,044700866.jpg,6859,4670,2205,9064
1113,cc0bf97cf.jpg,8871,266,1655,10526
1114,5ca03f4fb.jpg,1276,0,1569,2845
1115,1f9863963.jpg,5525,1620,429,5954
1116,f6749d6fe.jpg,5696,2344,64,5760
1117,229500455.jpg,1631,1149,3737,5368
1118,72aaba8ad.jpg,24500,7941,15,24515
1119,889454305.jpg,19084,655,3620,22704
1120,c084838d5.jpg,29054,6149,40817,69871
1121,ddef064ae.jpg,184526,24864,13759,198285
1122,e63ad114c.jpg,3919,1673,2567,6486
1123,b9752d783.jpg,4926,2329,69,4995
1124,c71558eac.jpg,8683,5523,9185,17868
1125,86226216f.jpg,1992,21,1629,3621
1126,2d196857a.jpg,141129,30230,14701,155830
1127,86d953299.jpg,12520,380,2634,15154
1128,baba8612a.jpg,803,5321,1433,2236
1129,a4c93ac65.jpg,8388,1674,2487,10875
1130,363eb9fdc.jpg,5750,758,10,5760
1131,6eb8690cd.jpg,1508,1305,150,1658
1132,dab5666d9.jpg,25341,3062,5418,30759
1133,8d909a69d.jpg,33873,7796,6313,40186
1134,97192a78b.jpg,10533,347,654,11187
1135,c3ff1a7cd.jpg,72582,9918,1745,74327
1136,776ed4605.jpg,990,1756,875,1865
1137,2a351164a.jpg,0,0,2514,2514
1138,f7b1dd93a.jpg,3072,1849,917,3989
1139,2db969d6b.jpg,81567,9611,3532,85099
1140,a2337ccb3.jpg,12892,9883,2582,15474
1141,1eb697fe5.jpg,609,0,5199,5808
1142,f4077b312.jpg,5567,5887,192,5759
1143,b8b4d7133.jpg,6585,8564,5856,12441
1144,9271c7e3d.jpg,2778,3517,0,2778
1145,ec0e3a1c2.jpg,190,3020,84,274
1146,94aad1346.jpg,72196,14187,527,72723
1147,adf5fdfe2.jpg,20625,4876,63,20688
1148,b56de2940.jpg,3961,3610,3801,7762
1149,dc702eb04.jpg,47702,4813,3504,51206
1150,2d8cef5f6.jpg,12326,2377,791,13117
1151,a187d1897.jpg,5840,576,3987,9827
1152,a67df9196.jpg,2140,666,674,2814
1153,9eaaf83d7.jpg,3779,991,529,4308
1154,bdb24ff3b.jpg,2066,127,1460,3526
1155,848b66095.jpg,75415,3008,5509,80924
1156,5b9b3c297.jpg,37865,9147,12032,49897
1157,91b250f41.jpg,4209,4305,1473,5682
1158,acc4098ce.jpg,1020,2836,0,1020
1159,06d0fbb0c.jpg,7761,886,1502,9263
1160,bc136ed5c.jpg,6596,2866,1844,8440
1161,b1e3c11ad.jpg,38850,2361,1486,40336
1162,a045e21e6.jpg,12601,390,2342,14943
1163,f8eb9b938.jpg,6260,18,1292,7552
1164,25c940a74.jpg,26734,1035,3589,30323
1165,fec86da3c.jpg,0,6436,1614,1614
1166,c646462b5.jpg,22960,10515,3407,26367
1167,e2c4275d6.jpg,1468,3623,0,1468
1168,3ae2f43e5.jpg,0,5145,5378,5378
1169,0b8775632.jpg,12558,1303,5237,17795
1170,594e2b83f.jpg,11483,706,2757,14240
1171,bfd93cc8c.jpg,48181,8702,20071,68252
1172,3cfa559c3.jpg,27417,7408,5576,32993
1173,a922818e9.jpg,10760,4293,17890,28650
1174,35d142883.jpg,16576,21607,1188,17764
1175,7668b7312.jpg,96160,12165,5346,101506
1176,00e0398ad.jpg,58115,2248,38113,96228
1177,8bdf6cee5.jpg,2768,417,413,3181
1178,cf7dbc448.jpg,15097,167,3847,18944
1179,e5b65b5ec.jpg,1150,1572,1016,2166
1180,8aacab1a1.jpg,42050,5560,2561,44611
1181,1c19efedd.jpg,55349,12570,168,55517
1182,5ba43097d.jpg,396,7041,2393,2789
1183,aeaa1deef.jpg,2668,1540,7357,10025
1184,8fbd70ddf.jpg,2395,1103,71,2466
1185,85b8f9d06.jpg,5952,466,4132,10084
1186,8ce8ed455.jpg,550,28,1272,1822
1187,d02f1b229.jpg,2598,2715,2872,5470
1188,567578f1b.jpg,2908,628,7729,10637
1189,b6f5f2414.jpg,16168,7451,2939,19107
1190,bf3db21e9.jpg,29854,2233,10675,40529
1191,622086df1.jpg,38964,8799,13849,52813
1192,87ebb9d4f.jpg,26134,3695,6717,32851
1193,38aeffe92.jpg,4625,3344,7662,12287
1194,e81ee8548.jpg,98147,14961,4324,102471
1195,49d1ff5e2.jpg,47228,8283,5258,52486
1196,9725a81d1.jpg,4552,3392,4302,8854
1197,16a50624d.jpg,25689,14286,785,26474
1198,23115ad3a.jpg,5949,921,6359,12308
1199,e690329c1.jpg,12888,2353,1218,14106
1200,eabd4acaa.jpg,0,0,570,570
1201,6c6b4fb36.jpg,10203,593,1769,11972
1202,0bb37f2aa.jpg,777,6111,1714,2491
1203,2c56741a3.jpg,13755,797,8317,22072
1204,232256b21.jpg,3475,893,3893,7368
1205,af4d2ee24.jpg,153516,3601,10392,163908
1206,77343ffda.jpg,147822,9798,12263,160085
1207,49c24c9a8.jpg,2920,1211,3452,6372
1208,674be7ddd.jpg,2540,593,6207,8747
1209,6ac1c730f.jpg,2984,184,489,3473
1210,09d4ee8a5.jpg,9425,525,1856,11281
1211,bc7ce8f4d.jpg,7186,537,7041,14227
1212,afd3f856d.jpg,3803,2247,14,3817
1213,13067c801.jpg,9641,582,703,10344
1214,43d7e6da0.jpg,26837,24184,3010,29847
1215,3c79d2e28.jpg,5013,55,5611,10624
1216,02d8c6b30.jpg,13253,735,2214,15467
1217,5757100f0.jpg,9373,7151,826,10199
1218,f297f6838.jpg,1740,8482,0,1740
1219,92f49dcb1.jpg,3683,1887,0,3683
1220,221f866cc.jpg,3205,415,1198,4403
1221,3c5e34bfa.jpg,0,4072,1320,1320
1222,b6b66ca8c.jpg,36972,8211,7596,44568
1223,b613acfb7.jpg,378,1134,834,1212
1224,1f5cd4df7.jpg,30416,647,15776,46192
1225,4e9055d9e.jpg,3754,3362,577,4331
1226,ecca5b079.jpg,21584,2929,7660,29244
1227,a3714aefc.jpg,8093,978,3104,11197
1228,64c16a1c2.jpg,181741,26508,9286,191027
1229,7c5918274.jpg,9625,1689,13091,22716
1230,2f8559032.jpg,23385,5667,733,24118
1231,ac461b596.jpg,8875,2243,330,9205
1232,5afa3d1e3.jpg,54593,9472,7807,62400
1233,527d11e5a.jpg,1140,678,177,1317
1234,40b90abe8.jpg,6712,990,669,7381
1235,79c106c42.jpg,11406,1161,1672,13078
1236,2b0055ed4.jpg,2414,1432,85,2499
1237,1c75c4ebd.jpg,12502,3236,220,12722
1238,8e08d9cd6.jpg,617,241,5161,5778
1239,cef371355.jpg,1727,24,3468,5195
1240,8b4657500.jpg,2540,61,192,2732
1241,93851869f.jpg,15498,2436,12298,27796
1242,7bb3640ce.jpg,324,284,8640,8964
1243,c9cd221c5.jpg,44283,704,9579,53862
1244,1ea25d4fa.jpg,31595,5051,5929,37524
1245,cf8e21964.jpg,4918,955,256,5174
1246,19f00abbf.jpg,10959,8743,0,10959
1247,b98f3f3b7.jpg,1714,1317,442,2156
1248,3b3df8749.jpg,3046,270,1472,4518
1249,4f64d3b50.jpg,4886,3929,5532,10418
1250,0fc3d194a.jpg,79448,3122,6105,85553
1251,bc0a90164.jpg,3628,1033,1889,5517
1252,05747b10b.jpg,1938,2631,0,1938
1253,c038c0588.jpg,7035,414,14514,21549
1254,b0e0b8842.jpg,16540,5159,6232,22772
1255,5a3db6845.jpg,10505,229,4471,14976
1256,a93b52e93.jpg,5328,1818,789,6117
1257,691680efc.jpg,417,3005,4027,4444
1258,416b3a2a5.jpg,1035,377,160,1195
1259,3a96940c6.jpg,4782,4870,2861,7643
1260,7e49d3022.jpg,7724,309,871,8595
1261,f8a3b9065.jpg,14103,608,3061,17164
1262,6da43d9fc.jpg,84804,13297,8108,92912
1263,dd9e0257b.jpg,20398,3574,82,20480
1264,35ce31284.jpg,3614,1791,3169,6783
1265,14cc1c6b0.jpg,22558,16897,193,22751
1266,6353833df.jpg,24798,5514,14169,38967
1267,cd59b3ff5.jpg,3611,1797,764,4375
1268,78adb31b9.jpg,8251,2445,5160,13411
1269,40b68e3bb.jpg,2272,44,2449,4721
1270,c33e20d0b.jpg,13346,13302,908,14254
1271,181d5197b.jpg,48133,11138,10024,58157
1272,37f4e9602.jpg,120830,12651,7560,128390
1273,34d73f3ad.jpg,3769,4541,7186,10955
1274,d4387afd3.jpg,3707,1803,88,3795
1275,6ea9f03a2.jpg,17365,4667,6425,23790
1276,a750dc23a.jpg,8508,1557,1218,9726
1277,1b6743f6e.jpg,8078,3856,207,8285
1278,4e5aabaae.jpg,18820,2009,1917,20737
1279,10bbf7cb3.jpg,5598,8556,57,5655
1280,34ee04d85.jpg,3789,946,43,3832
1281,a71e7121c.jpg,994,6861,4,998
1282,a9e7b571e.jpg,77262,26081,36138,113400
1283,4f77c0179.jpg,2608,2736,0,2608
1284,8651a4a06.jpg,3548,714,4722,8270
1285,2eae7322b.jpg,28991,2015,7821,36812
1286,d7c560ed5.jpg,90441,39382,750,91191
1287,db4867ee8.jpg,2158,5387,5544,7702
1288,4d586677e.jpg,3943,1296,6706,10649
1289,034941f9d.jpg,3563,1211,1538,5101
1290,848a1b795.jpg,11563,2714,784,12347
1291,1c8802c08.jpg,44527,15359,3905,48432
1292,5fccf97d8.jpg,5051,3174,3749,8800
1293,0e01b820c.jpg,46316,2909,13898,60214
1294,a29c6239f.jpg,30768,1171,12792,43560
1295,b8a7c74b3.jpg,20056,4069,2748,22804
1296,d0a0b9951.jpg,9285,6570,70,9355
1297,204bcfc88.jpg,1842,693,6317,8159
1298,e9c4686f0.jpg,2091,185,684,2775
1299,ac7e898e6.jpg,82688,9363,9087,91775
1300,d5a8b7ba4.jpg,34096,6132,2269,36365
1301,c60002bcd.jpg,2907,502,368,3275
1302,cc73c4765.jpg,0,1298,1619,1619
1303,3b58d7324.jpg,0,6712,3323,3323
1304,d0d0e589a.jpg,18598,9572,3542,22140
1305,dd345169c.jpg,3957,648,1114,5071
1306,e95faa0b1.jpg,8661,510,899,9560
1307,415dd1efd.jpg,74372,7767,4976,79348
1308,8dc0f0966.jpg,47582,6391,33,47615
1309,9e37ef709.jpg,6777,975,1727,8504
1310,ed69c5fcf.jpg,1168,1241,1980,3148
1311,69df9d97b.jpg,6286,9157,4622,10908
1312,471a0c83c.jpg,952,3133,6009,6961
1313,6181b0a92.jpg,6848,1767,4454,11302
1314,b5804f43f.jpg,561,943,12869,13430
1315,37acd89d2.jpg,1008,34,589,1597
1316,a9840c747.jpg,462,1717,0,462
1317,6f5299561.jpg,2357,7,1206,3563
1318,415252307.jpg,32140,6640,1466,33606
1319,4b09a3911.jpg,4514,527,9020,13534
1320,984c6e129.jpg,24422,3459,4132,28554
1321,74b25b3a2.jpg,10391,4535,97,10488
1322,ac550233a.jpg,697,320,2134,2831
1323,ea54f9247.jpg,1700,6,966,2666
1324,e57efd4b4.jpg,1780,1048,45,1825
1325,649890305.jpg,2024,295,660,2684
1326,fb565bc91.jpg,4872,2006,737,5609
1327,adfc5f0e0.jpg,6864,7983,2933,9797
1328,b5967f1ce.jpg,27349,1377,11008,38357
1329,e622e319f.jpg,4092,325,400,4492
1330,f6eb68937.jpg,25250,2180,4966,30216
1331,9a064450d.jpg,21052,7357,235,21287
1332,90b461f2a.jpg,5276,389,45,5321
1333,de7e172fb.jpg,12782,1053,3780,16562
