,,pre_execution_rejection_ratio,pre_execution_rejection_ratio,admitted_deadline_violation_ratio,admitted_deadline_violation_ratio,full_image_on_time_acceptance,full_image_on_time_acceptance,mean_complete_image_dice,mean_complete_image_dice,pixel_defect_recall,pixel_defect_recall,image_complete_miss_rate,image_complete_miss_rate,peak_modeled_temperature,peak_modeled_temperature
,,mean,std,mean,std,mean,std,mean,std,mean,std,mean,std,mean,std
period_ms,lines,,,,,,,,,,,,,,
50,4,0.8125,0.0,0.0,0.0,0.0,0.0,0.10655937114080496,0.004306331266514316,0.12053404655156821,0.015842256531925576,0.7954000000000001,0.00730600970282534,59.99982722303896,0.0002759427305625257
50,5,0.85,0.0,0.0,0.0,0.0,0.0,0.08536406951947534,0.003930143323554068,0.10488735169346053,0.01653338037402085,0.8331999999999999,0.00444222166638873,59.999937994231914,6.0541915070212524e-05
50,6,0.875,0.0,0.0,0.0,0.0,0.0,0.07060373613841076,0.0016790090922206712,0.08645968160426182,0.005756734827625344,0.8625999999999999,0.002836272984824329,59.99961122195134,0.00041476395225365496
50,7,0.8928571428571429,0.0,0.0,0.0,0.0,0.0,0.060587561194114105,0.0,0.0742470031300914,0.0,0.8828571428571429,0.0,59.9999225624794,4.026784582679776e-05
50,8,0.90625,0.0,0.0,0.0,0.0,0.0,0.053279685570402434,0.0021531656332571605,0.06026702327578409,0.007921128265962788,0.8977,0.0036530048514126596,59.999751921546306,0.0003816531634379138
50,9,0.9166666666666666,0.0,0.0,0.0,0.0,0.0,0.04712365870653319,3.3518041921118955e-17,0.05774766910118221,0.0,0.9088888888888886,0.0,59.999922772590935,6.193034774565958e-05
50,10,0.925,0.0,0.0,0.0,0.0,0.0,0.0444237060572614,0.0024843755012327723,0.05294547475937907,0.01042431809487761,0.9138,0.003047767853510009,59.99987729068316,0.00010783539887371613
60,4,0.8125,0.0,0.0,0.0,0.0,0.0,0.10655937114080496,0.004306331266514316,0.12053404655156821,0.015842256531925576,0.7954000000000001,0.00730600970282534,58.762196501774,0.0
60,5,0.85,0.0,0.0,0.0,0.0,0.0,0.08536406951947534,0.003930143323554068,0.10488735169346053,0.01653338037402085,0.8331999999999999,0.00444222166638873,58.762196501774,0.0
60,6,0.875,0.0,0.0,0.0,0.0,0.0,0.07060373613841076,0.0016790090922206712,0.08645968160426182,0.005756734827625344,0.8625999999999999,0.002836272984824329,58.762196501774,0.0
60,7,0.8928571428571429,0.0,0.0,0.0,0.0,0.0,0.060587561194114105,0.0,0.0742470031300914,0.0,0.8828571428571429,0.0,58.762196501774,0.0
60,8,0.90625,0.0,0.0,0.0,0.0,0.0,0.053279685570402434,0.0021531656332571605,0.06026702327578409,0.007921128265962788,0.8977,0.0036530048514126596,58.762196501774,0.0
60,9,0.9166666666666666,0.0,0.0,0.0,0.0,0.0,0.04712365870653319,3.3518041921118955e-17,0.05774766910118221,0.0,0.9088888888888886,0.0,58.762196501774,0.0
60,10,0.925,0.0,0.0,0.0,0.0,0.0,0.0444237060572614,0.0024843755012327723,0.05294547475937907,0.01042431809487761,0.9138,0.003047767853510009,58.762196501774,0.0
70,4,0.75,0.0,0.0,0.0,0.25,0.0,0.12280983562744138,0.0032561372854932264,0.14487393763840914,0.017263838273637745,0.7664,0.004299870799092556,59.99973715480089,0.00015952424958378067
70,5,0.8,0.0,0.0,0.0,0.2,0.0,0.09963715922859515,0.005317186371339841,0.1291656950667286,0.02257533895513674,0.8140000000000001,0.0035276684147527264,59.99981650329896,0.00023458926005869455
70,6,0.8333333333333334,0.0,0.0,0.0,0.1666666666666666,0.0,0.08191819661040708,0.0010766352003484813,0.1043125107205698,0.005314319457944937,0.8438000000000001,0.0011779874027287298,59.999911052506285,6.163575398767976e-05
70,7,0.8571428571428571,0.0,0.0,0.0,0.1428571428571428,0.0,0.07069792865693669,3.9793748236606135e-17,0.0902497383642245,0.0,0.8665714285714285,0.0,59.99991416144992,6.757278841194128e-05
70,8,0.875,0.0,0.0,0.0,0.125,0.0,0.06140491781372065,0.001628068642746595,0.07243696881920456,0.008631919136818877,0.8832000000000001,0.0021499353995462845,59.99977821554315,0.00023499664000542364
70,9,0.888888888888889,0.0,0.0,0.0,0.11111111111111112,0.0,0.05498727784428409,3.2628381431110786e-17,0.0701942409499524,0.0,0.8962222222222224,0.0,59.99993131292213,6.71599427298236e-05
70,10,0.9,0.0,0.0,0.0,0.1,0.0,0.05041470599836081,0.0032112767659965486,0.0639802041715782,0.0130759061851005,0.9052,0.00252982212813469,59.99994281645873,6.20543363561533e-05
80,4,0.6875,0.0,0.0,0.0,0.25,0.0,0.1499658726894307,0.005419801776831825,0.1741151434328787,0.0156892936729371,0.6848,0.01155470082308972,59.999846650806056,4.251328988988377e-05
80,5,0.75,0.0,0.0,0.0,0.2,0.0,0.12553896959865765,0.006092967139841448,0.15798943641104043,0.02518067854722372,0.7398,0.008508818954473054,59.99982893218735,9.2148723792837e-06
80,6,0.7916666666666666,0.0,0.0,0.0,0.1666666666666666,0.0,0.10074365996163967,0.0013529023430629836,0.12461906894390731,0.004523198571766518,0.7871333333333334,0.003597667282635137,59.99984338096753,5.49059272032748e-05
80,7,0.8214285714285714,0.0,0.0,0.0,0.1428571428571428,0.0,0.08687594854058357,1.0619505537202512e-16,0.1081063233719862,0.0,0.818,0.0,59.999856606344096,5.394272523619091e-05
80,8,0.84375,0.0,0.0,0.0,0.125,0.0,0.07498293634471534,0.0027099008884158772,0.08705757171643932,0.00784464683646855,0.8423999999999999,0.005777350411544892,59.99983458160095,1.9815934531365483e-05
80,9,0.861111111111111,0.0,0.0,0.0,0.11111111111111112,0.0,0.06757018219823169,7.343435057440258e-17,0.0840826959559892,0.0,0.8584444444444446,0.0,59.99984384858326,3.8667131720114675e-05
80,10,0.875,0.0,0.0,0.0,0.1,0.0,0.06429113907741159,0.002931845256589866,0.07885944429346689,0.013123218122430832,0.8672000000000001,0.008390470785361221,59.999840187040775,3.153842372879908e-05
90,4,0.625,0.0,0.0,0.0,0.25,0.0,0.1929058237360499,0.008951984664196815,0.2240958350735584,0.018208701367591326,0.6096,0.014538836878436264,59.99994555174976,5.357752265764408e-05
90,5,0.7,0.0,0.0,0.0,0.2,0.0,0.15931384493166037,0.007834952936436277,0.19981032885536004,0.02724900005482617,0.6834,0.007244921593011742,59.99993452893388,5.932535528212598e-05
90,6,0.75,0.0,0.0,0.0,0.1666666666666666,0.0,0.12920352816142905,0.002282081341123634,0.15857708917752925,0.003353821434052015,0.7382,0.0036113675122648645,59.999956933813095,3.662664049831647e-05
90,7,0.7857142857142857,0.0,0.0,0.0,0.1428571428571428,0.0,0.11151177373824088,6.703608384223791e-17,0.137102021272884,0.0,0.7751428571428571,0.0,59.999973798454405,2.269540776156999e-05
90,8,0.8125,0.0,0.0,0.0,0.125,0.0,0.0964529118680249,0.004475992332098425,0.11204791753677919,0.009104350683795661,0.8048,0.007269418439218092,59.99991579258964,6.807192899356725e-05
90,9,0.8333333333333334,0.0,0.0,0.0,0.11111111111111112,0.0,0.08673137957418733,7.601177430610147e-17,0.1066349054344653,0.0,0.8251111111111111,0.0,59.999981291772414,1.4472731030388668e-05
90,10,0.85,0.0,0.0,0.0,0.1,0.0,0.08069573113366646,0.004702653126999909,0.09880579961294259,0.014242853167715163,0.8416,0.007820201759261451,59.999936906532,7.591097312205331e-05
100,4,0.625,0.0,0.0,0.0,0.25,0.0,0.1929058237360499,0.008951984664196815,0.2240958350735584,0.018208701367591326,0.6096,0.014538836878436264,59.99985707652479,0.0001636339244475052
100,5,0.7,0.0,0.0,0.0,0.2,0.0,0.15931384493166037,0.007834952936436277,0.19981032885536004,0.02724900005482617,0.6834,0.007244921593011742,59.999827512711,0.00024948259117544284
100,6,0.75,0.0,0.0,0.0,0.1666666666666666,0.0,0.12920352816142905,0.002282081341123634,0.15857708917752925,0.003353821434052015,0.7382,0.0036113675122648645,59.9998908851072,0.0001089883926192082
100,7,0.7857142857142857,0.0,0.0,0.0,0.1428571428571428,0.0,0.11151177373824088,6.703608384223791e-17,0.137102021272884,0.0,0.7751428571428571,0.0,59.999956071695735,4.9530116899770065e-05
100,8,0.8125,0.0,0.0,0.0,0.125,0.0,0.0964529118680249,0.004475992332098425,0.11204791753677919,0.009104350683795661,0.8048,0.007269418439218092,59.99980686273002,0.00022550748484255175
100,9,0.8333333333333334,0.0,0.0,0.0,0.11111111111111112,0.0,0.08673137957418733,7.601177430610147e-17,0.1066349054344653,0.0,0.8251111111111111,0.0,59.999893107324354,0.00011236924248783415
100,10,0.85,0.0,0.0,0.0,0.1,0.0,0.08069573113366646,0.004702653126999909,0.09880579961294259,0.014242853167715163,0.8416,0.007820201759261451,59.99946183018942,0.0005543612057250692
150,4,0.375,0.0,0.0,0.0,0.5,0.0,0.31696466655923816,0.003924553242622844,0.3899479898328815,0.01379370744433297,0.3734,0.007834397090892061,59.99995202772684,4.310409350058889e-05
150,5,0.5,0.0,0.0,0.0,0.4,0.0,0.25757782054249856,0.008488058752306887,0.32108800894424194,0.02618297930521099,0.4976,0.011880890351970921,59.999972848868154,1.973300236227055e-05
150,6,0.5833333333333334,0.0,0.0,0.0,0.3333333333333333,0.0,0.21290880717154037,0.0026636481951103153,0.2656401378464367,0.005766025197280243,0.5809333333333333,0.003707849531486983,59.99994417653098,4.740812733421828e-05
150,7,0.6428571428571429,0.0,0.0,0.0,0.2857142857142857,0.0,0.18220970239517767,1.2133698720406817e-16,0.2273517596371085,0.0,0.6417142857142857,0.0,59.99997209175149,1.7697812660154224e-05
150,8,0.6875,0.0,0.0,0.0,0.25,0.0,0.158482333279619,0.001962276621311373,0.19497399491644068,0.006896853722166487,0.6867,0.003917198545445949,59.99993352932662,5.409324132838719e-05
150,9,0.7222222222222222,0.0,0.0,0.0,0.22222222222222224,0.0,0.14171865741847156,7.795754572600362e-17,0.1768291463844178,0.0,0.7213333333333334,0.0,59.99994609054319,4.3436598738722165e-05
150,10,0.75,0.0,0.0,0.0,0.2,0.0,0.12943626695260668,0.006773228345754763,0.1597160529575749,0.018004945825712482,0.7476,0.011147495981908536,59.99995244810883,4.49919675927189e-05
200,4,0.125,0.0,0.0,0.0,0.75,0.0,0.44021750647659613,0.005012611107748778,0.5514734730343617,0.006358180312380569,0.14020000000000002,0.008297255235585096,59.999867976851604,7.038876775610346e-05
200,5,0.3,0.0,0.0,0.0,0.6,0.0,0.3545882551095988,0.005807856026453988,0.44455559080653384,0.021250084665223715,0.313,0.007788880963698624,59.99990733414116,6.155187934944711e-05
200,6,0.4166666666666667,0.0,0.0,0.0,0.5,0.0,0.2941653616942817,0.0022820813411236754,0.3691598120273865,0.0033538214340520056,0.4268666666666666,0.003611367512264824,59.99993654397938,6.848924529315225e-05
200,7,0.5,0.0,0.0,0.0,0.4285714285714285,0.0,0.25290763105211467,1.0302433652168841e-16,0.3176014980013331,0.0,0.5082857142857143,0.0,59.999912185522795,4.5563501922633024e-05
200,8,0.5625,0.0,0.0,0.0,0.375,0.0,0.22010875323829807,0.0025063055538744592,0.2757367365171808,0.003179090156190273,0.5700999999999999,0.004148627617792521,59.9998603945258,5.314302127813382e-05
200,9,0.6111111111111112,0.0,0.0,0.0,0.3333333333333333,0.0,0.1967059352627558,8.825710545880231e-17,0.2470233873343702,0.0,0.6175555555555555,0.0,59.99994572841872,4.78231880919436e-05
200,10,0.65,0.0,0.0,0.0,0.3,0.0,0.17733045279471654,0.0058838291154436,0.2187697364608836,0.019636768761414937,0.6568,0.007955431408094038,59.99988234009563,5.9278993611837546e-05
250,4,0.0,0.0,0.0,0.0,1.0,0.0,0.49488550059855746,3.640109616122045e-16,0.6317481685495717,0.0,0.066,0.0,59.999825473633464,0.0001510241485392088
250,5,0.1,0.0,0.0,0.0,0.8,0.0,0.4520185178235526,0.003528816097763398,0.5702301037145328,0.01281215976763514,0.1278,0.004661902329879231,59.99985697816429,0.0001021895034732433
250,6,0.25,0.0,0.0,0.0,0.6666666666666666,0.0,0.3778706407043932,0.0026636481951105282,0.4762228606962939,0.005766025197280267,0.26959999999999995,0.003707849531486978,59.99990085787543,7.385878009578079e-05
250,7,0.3571428571428571,0.0,0.0,0.0,0.5714285714285714,0.0,0.3236055597090516,2.7068604465899637e-16,0.4078512363655576,0.0,0.3748571428571428,0.0,59.99994427570547,3.7548318303107966e-05
250,8,0.4375,0.0,0.0,0.0,0.5,0.0,0.2836372503418709,0.0027727312572740225,0.3534052321408804,0.007053339395022797,0.4523,0.005478239782184711,59.99982878916437,0.00016234601642741136
250,9,0.5,0.0,0.0,0.0,0.4444444444444445,0.0,0.25169321310704007,1.8779221816649037e-16,0.3172176282843226,0.0,0.5137777777777778,0.0,59.99997231688442,1.795386243175713e-05
250,10,0.55,0.0,0.0,0.0,0.4,0.0,0.2248875922482661,0.005479254098576196,0.2787964211492352,0.021229990029104466,0.567,0.007195677714974254,59.99982219099966,9.998297007364178e-05
300,4,0.0,0.0,0.0,0.0,1.0,0.0,0.49488550059855746,3.640109616122045e-16,0.6317481685495717,0.0,0.066,0.0,59.98532236228537,0.01786775402630515
300,5,0.0,0.0,0.0,0.0,1.0,0.0,0.4948855005985582,4.2518304777254294e-16,0.6317481685495717,0.0,0.066,0.0,59.99969835009125,0.0003851655898540716
300,6,0.125,0.0,0.0,0.0,0.8333333333333334,0.0,0.43066732702734545,0.0013529023430627902,0.5457845146436218,0.004523198571766569,0.16446666666666665,0.0035976672826351272,59.99993689205153,7.030827084727944e-05
300,7,0.25,0.0,0.0,0.0,0.7142857142857143,0.0,0.3696676631683315,4.079219866531555e-16,0.4691052768288843,0.0,0.2842857142857143,0.0,59.99997728092179,1.2701777391574964e-05
300,8,0.34375,0.0,0.0,0.0,0.625,0.0,0.3224256866439948,0.002709900888415675,0.40293165599122516,0.00784464683646856,0.3754,0.0057773504115448794,59.999943862411875,5.663759892144077e-05
300,9,0.4166666666666667,0.0,0.0,0.0,0.5555555555555556,0.0,0.28751929357536904,2.1736945807150596e-16,0.3648596597557989,0.0,0.44333333333333325,0.0,59.999962326140675,2.1230245554960502e-05
300,10,0.475,0.0,0.0,0.0,0.5,0.0,0.25567921930010173,0.006545957512962915,0.3195030172556973,0.02282088253560779,0.5022,0.006356099432828304,59.99979549755786,0.00017267984489069228
