axis,response_factor,ambient_c,period_ms,lines,epochs,seed,mandatory_admitted_dmr,mandatory_service_failure_rate,mandatory_pre_rejection_rate,images,defective_images,mean_complete_image_dice,completed_only_images,mean_completed_only_dice,pixel_defect_recall,pixel_missed_detection_rate,image_complete_miss_rate,optimism_gap,average_temperature_c,iit_celsius_seconds,peak_temperature_c,observation_horizon_s
ambient,1.0,20.0,200,4,1000,101,0.0,0.0,0.0,4000,4000,0.49611679527595565,4000,0.4969357284258994,0.6371582183424715,0.36284178165752845,0.06375,0.0008189331499437458,57.922832508472624,0.0,59.9848997284949,199.98478787878787
ambient,1.0,20.0,200,4,1000,202,0.0,0.0,0.0,4000,4000,0.49388868488646076,4000,0.4945082381790534,0.63410808485721,0.36589191514278996,0.062,0.0006195532925926672,58.295199796999675,0.0,59.98481503997723,199.98478787878787
ambient,1.0,20.0,200,4,1000,303,0.0,0.0,0.0,4000,4000,0.4955529052594874,4000,0.49602904014777965,0.6369097854929888,0.3630902145070112,0.061,0.0004761348882922345,58.45201552494626,0.0,59.98484512130773,199.98478787878787
ambient,1.0,20.0,200,4,1000,404,0.0,0.0,0.0,4000,4000,0.4941195274255159,4000,0.4952039420919395,0.6343690362000621,0.36563096379993787,0.066,0.0010844146664236165,57.89847955542036,0.0,59.98492712721829,199.98478787878787
ambient,1.0,20.0,200,4,1000,505,0.0,0.0,0.0,4000,4000,0.49515301722529653,4000,0.49691346282109317,0.6329784015909593,0.3670215984090407,0.0645,0.0017604455957966336,58.00695985337591,0.0,59.98521666853934,199.98478787878787
ambient,1.0,20.0,200,4,1000,606,0.0,0.0,0.0,4000,4000,0.49343228409077294,3992,0.49559384893592967,0.6294061593542593,0.37059384064574075,0.064,0.002161564845156727,58.358025992340934,0.0,59.984889187175085,199.98478787878787
ambient,1.0,20.0,200,4,1000,707,0.0,0.0,0.0,4000,4000,0.4943513132194701,4000,0.4952048669608957,0.6367376999981289,0.3632623000018711,0.064,0.0008535537414255945,58.177398382939145,0.0,59.98551182395952,199.98775757575757
ambient,1.0,20.0,200,4,1000,808,0.0,0.0,0.0,4000,4000,0.491408445194413,3992,0.4934750337904752,0.6342976859395002,0.3657023140604998,0.06975,0.00206658859606218,58.08369506046263,0.0,59.98509224633616,199.98775757575757
ambient,1.0,20.0,200,4,1000,909,0.0,0.0,0.0,4000,4000,0.49551003903077584,3992,0.4971972245608566,0.6367875369960116,0.36321246300398835,0.0645,0.001687185530080737,58.23809379742601,0.0,59.984728048972435,199.98478787878787
ambient,1.0,20.0,200,4,1000,1010,0.0,0.0,0.0,4000,4000,0.4962505648925754,3992,0.4977926410217014,0.6340264210066378,0.36597357899336225,0.064,0.001542076129125991,58.49730060359322,0.0,59.985381006975146,199.98775757575757
ambient,1.0,30.0,200,4,1000,101,0.0,0.067,0.067,4000,4000,0.4804880941936563,3961,0.48960706865679443,0.6269918107828594,0.37300818921714063,0.082,0.00911897446313814,59.59801771433151,0.7897310763900336,60.099178556745876,199.9857748917749
ambient,1.0,30.0,200,4,1000,202,0.0,0.05525,0.05525,4000,4000,0.48703349805189,3999,0.4915258269757465,0.6295088934261817,0.37049110657381834,0.06925,0.004492328923856481,59.6156136813288,1.0028708064170058,60.10001201625735,199.96232034632035
ambient,1.0,30.0,200,4,1000,303,0.0,0.0485,0.0485,4000,4000,0.49284105104499426,3972,0.499939418741228,0.640895890150808,0.35910410984919205,0.06775,0.007098367696233732,59.628154798168104,0.998436569082368,60.100019875444836,199.94084135472372
ambient,1.0,30.0,200,4,1000,404,0.0,0.05,0.05,4000,4000,0.48837811238292683,3978,0.4952486761149586,0.6315680155812071,0.3684319844187929,0.07275,0.006870563732031765,59.60550812757823,0.8348631944663099,60.098731532979684,199.96164654952892
ambient,1.0,30.0,200,4,1000,505,0.0,0.0615,0.0615,4000,4000,0.4873023466540146,3976,0.49656038789156254,0.6242156107817219,0.37578438921827806,0.0695,0.00925804123754792,59.59466072140047,1.0046441402470674,60.10007287661367,199.9691900178253
ambient,1.0,30.0,200,4,1000,606,0.0,0.05025,0.05025,4000,4000,0.4852292650586904,3990,0.4908442964994021,0.6236517634157654,0.37634823658423455,0.069,0.005615031440711682,59.61800240424468,0.9270424905345114,60.099888870703005,199.9543831168831
ambient,1.0,30.0,200,4,1000,707,0.0,0.06125,0.06125,4000,4000,0.4849910072942135,3976,0.49163212230505915,0.6318255977493006,0.3681744022506994,0.07775,0.006641115010845633,59.60392152764374,0.852640105395189,60.09994997250811,199.98775757575757
ambient,1.0,30.0,200,4,1000,808,0.0,0.05025,0.05025,4000,4000,0.49224381222571434,3968,0.49966577461942796,0.6312159316672836,0.3687840683327164,0.075,0.007421962393713621,59.6059782494179,0.9223222987643218,60.099720609060725,199.98775757575757
ambient,1.0,30.0,200,4,1000,909,0.0,0.0525,0.0525,4000,4000,0.4872591517268262,3969,0.49598118015043596,0.6290213418984144,0.3709786581015856,0.0745,0.008722028423609751,59.61229583320647,0.9266250285583797,60.099865510732336,199.95759307359307
ambient,1.0,30.0,200,4,1000,1010,0.0,0.047,0.047,4000,4000,0.49592296788616597,3976,0.5020570134021852,0.6333802297731851,0.3666197702268149,0.06775,0.00613404551601926,59.61353309488905,0.9860373876399882,60.09984995925445,199.98510822510823
ambient,1.0,35.0,200,4,1000,101,0.0,0.1765,0.1765,4000,4000,0.47085558013417167,3928,0.48914006195183807,0.6111333730792922,0.38886662692070784,0.10125,0.018284481817666398,59.79237525433124,6.485274754780106,60.20005361325032,199.98312554112556
ambient,1.0,35.0,200,4,1000,202,0.0,0.17875,0.17875,4000,4000,0.47307099701121724,3908,0.4955475132899531,0.6052750787974762,0.3947249212025238,0.0925,0.02247651627873587,59.79203365022594,6.414353413880718,60.200254736370695,199.9807725999491
ambient,1.0,35.0,200,4,1000,303,0.0,0.1765,0.1765,4000,4000,0.4716976395591623,3940,0.4927889856595035,0.6021991973986921,0.3978008026013079,0.0825,0.021091346100341246,59.796056999795134,6.145485384623991,60.19637027549596,199.9794891774892
ambient,1.0,35.0,200,4,1000,404,0.0,0.18,0.18,4000,4000,0.4734855937780847,3919,0.4945724610140384,0.6067773598215174,0.39322264017848263,0.0925,0.02108686723595371,59.79670176785817,6.460295208580553,60.200185644309244,199.9807725999491
ambient,1.0,35.0,200,4,1000,505,0.0,0.1715,0.1715,4000,4000,0.4724628641322981,3936,0.49376540926006135,0.602330739460294,0.39766926053970597,0.08275,0.02130254512776325,59.79171917531224,6.2208606894366785,60.19770943672172,199.9807725999491
ambient,1.0,35.0,200,4,1000,606,0.0,0.17075,0.17075,4000,4000,0.4669279419930936,3899,0.4883375329647638,0.6053153955584262,0.3946846044415738,0.096,0.021409590971670167,59.80107656220495,6.573259877707251,60.197494633740874,199.9794891774892
ambient,1.0,35.0,200,4,1000,707,0.0,0.181,0.181,4000,4000,0.4701039110969602,3889,0.4925767120491566,0.6181083375762269,0.38189166242377315,0.0955,0.022472800952196392,59.7963505350556,6.091555464939306,60.200285429980994,199.96995008912657
ambient,1.0,35.0,200,4,1000,808,0.0,0.17175,0.17175,4000,4000,0.478252201760711,3905,0.49998801567690604,0.6125466852224739,0.3874533147775261,0.0955,0.021735813916195057,59.791977772183245,6.3141905620100065,60.200107444179444,199.98184848484848
ambient,1.0,35.0,200,4,1000,909,0.0,0.169,0.169,4000,4000,0.47291137742331757,3921,0.4921792996800312,0.6096699766593464,0.3903300233406536,0.09275,0.019267922256713643,59.80200169815648,6.730186824004741,60.199079526400986,199.9626883116883
ambient,1.0,35.0,200,4,1000,1010,0.0,0.17925,0.17925,4000,4000,0.48039628066527656,3913,0.5005584104281318,0.6134183638858756,0.38658163611412444,0.09125,0.020162129762855197,59.791955717183214,6.300552004229369,60.1998257282181,199.98639164756813
response,0.8,25.0,200,4,1000,101,0.0,0.0,0.0,4000,4000,0.4953463287335924,4000,0.49616609472695566,0.6356908654604237,0.36430913453957625,0.066,0.0008197659933632528,56.18520556426848,0.0,59.8216757879732,199.98478787878787
response,0.8,25.0,200,4,1000,202,0.0,0.0,0.0,4000,4000,0.49504548856088343,4000,0.4956650418534761,0.6334054316125114,0.3665945683874886,0.062,0.0006195532925926672,56.353717600521136,0.0,59.117271376719884,199.98478787878787
response,0.8,25.0,200,4,1000,303,0.0,0.0,0.0,4000,4000,0.49604502529084643,4000,0.49650757783983157,0.6349557362559719,0.3650442637440281,0.062,0.0004625525489851401,56.63576237105652,0.0,59.974532713102235,199.98478787878787
response,0.8,25.0,200,4,1000,404,0.0,0.0,0.0,4000,4000,0.4932410818732493,4000,0.49432675881306304,0.6317463551711083,0.36825364482889167,0.066,0.0010856769398137622,56.07791895718035,0.0,59.12521758380329,199.98478787878787
response,0.8,25.0,200,4,1000,505,0.0,0.0,0.0,4000,4000,0.49569912251789766,4000,0.49745956811369424,0.6322756968298271,0.3677243031701729,0.066,0.0017604455957965781,56.14141118646996,0.0,59.01221319419292,199.98478787878787
response,0.8,25.0,200,4,1000,606,0.0,0.0,0.0,4000,4000,0.4936443445144411,3992,0.4958063343303868,0.6276979877516176,0.37230201224838244,0.064,0.002161989815945675,56.6770579358231,0.0,59.555470249525946,199.98478787878787
response,0.8,25.0,200,4,1000,707,0.0,0.0,0.0,4000,4000,0.4948605623728149,4000,0.4957141161142406,0.634713165976635,0.36528683402336504,0.064,0.0008535537414257055,56.392122042365884,0.0,59.60862326410624,199.98775757575757
response,0.8,25.0,200,4,1000,808,0.0,0.0,0.0,4000,4000,0.494713464175307,3992,0.4967866760559001,0.6348179710091888,0.3651820289908112,0.066,0.0020732118805931177,56.37317157576048,0.0,59.95704171079037,199.98775757575757
response,0.8,25.0,200,4,1000,909,0.0,0.0,0.0,4000,4000,0.49524062549378534,3992,0.49692727111697843,0.6352455780147973,0.3647544219852027,0.064,0.0016866456231930949,56.31935617467762,0.0,59.8960039562959,199.98478787878787
response,0.8,25.0,200,4,1000,1010,0.0,0.0,0.0,4000,4000,0.49885669323751397,3992,0.5004044762877013,0.6343485532660553,0.3656514467339447,0.062,0.001547783050187379,56.45909342559973,0.0,58.761781726342114,199.98775757575757
response,0.9,25.0,200,4,1000,101,0.0,0.0,0.0,4000,4000,0.4964965528676357,4000,0.4973058812217923,0.6398981919874883,0.3601018080125117,0.06325,0.000809328354156591,58.59821894615459,0.0,59.98855537741315,199.98478787878787
response,0.9,25.0,200,4,1000,202,0.0,0.0,0.0,4000,4000,0.4941155068577592,4000,0.49473506015035185,0.6360947542999943,0.3639052457000057,0.0625,0.0006195532925926672,58.8752529560006,0.0,59.98840733467082,199.98478787878787
response,0.9,25.0,200,4,1000,303,0.0,0.0,0.0,4000,4000,0.49300984417697674,4000,0.4934737667367764,0.6364067378219891,0.3635932621780109,0.06,0.0004639225597996566,58.922134940546215,0.0,59.98853368844743,199.98478787878787
response,0.9,25.0,200,4,1000,404,0.0,0.0,0.0,4000,4000,0.4944868450783325,4000,0.4955692003140415,0.6356812009774769,0.36431879902252307,0.06525,0.0010823552357089872,58.56800411492258,0.0,59.98849386484113,199.98478787878787
response,0.9,25.0,200,4,1000,505,0.0,0.0,0.0,4000,4000,0.49343441745688976,4000,0.4951948630526864,0.6346414035846041,0.3653585964153959,0.06425,0.0017604455957966336,58.62922020964441,0.0,59.98865526292718,199.98478787878787
response,0.9,25.0,200,4,1000,606,0.0,0.0,0.0,4000,4000,0.4901767694341685,3992,0.4923318102018571,0.6294212021528759,0.3705787978471241,0.06425,0.002155040767688632,58.83897886392891,0.0,59.98867024156066,199.97881818181813
response,0.9,25.0,200,4,1000,707,0.0,0.0,0.0,4000,4000,0.49458857626847474,4000,0.49544213000990034,0.6388878001749251,0.3611121998250749,0.06325,0.0008535537414255945,58.768390060394445,0.0,59.98855772365665,199.98775757575757
response,0.9,25.0,200,4,1000,808,0.0,0.0,0.0,4000,4000,0.4928790881542984,3992,0.49494694712828524,0.6343111626385349,0.36568883736146507,0.0665,0.002067858973986869,58.684201299009665,0.0,59.98874254327871,199.98775757575757
response,0.9,25.0,200,4,1000,909,0.0,0.0,0.0,4000,4000,0.49345784241034596,3992,0.49514091532194887,0.6363160482922467,0.36368395170775325,0.06375,0.001683072911602912,58.81485391937065,0.0,59.98858266229277,199.9800363636363
response,0.9,25.0,200,4,1000,1010,0.0,0.0,0.0,4000,4000,0.4974896476872281,3992,0.499031899386358,0.6371819055986494,0.3628180944013506,0.066,0.0015422516991299151,58.938953446524366,0.0,59.98866739697278,199.98775757575757
response,1.0,25.0,200,4,1000,101,0.0,0.0,0.0,4000,4000,0.49224269884925687,4000,0.49306246484262006,0.6386219032544456,0.36137809674555443,0.069,0.0008197659933631973,59.37109540230211,0.0,59.99991598152357,199.98478787878787
response,1.0,25.0,200,4,1000,202,0.0,0.0,0.0,4000,4000,0.49072024229380806,4000,0.4913397955864007,0.6315438646771268,0.36845613532287325,0.06,0.0006195532925926117,59.42658759577905,0.0,59.99998268675107,199.98474028520496
response,1.0,25.0,200,4,1000,303,0.0,0.0,0.0,4000,4000,0.49430680076344824,4000,0.49467573170996354,0.6365931139755348,0.36340688602446525,0.06225,0.0003689309465153001,59.43140530672139,0.0,59.999976799125186,199.97887878787878
response,1.0,25.0,200,4,1000,404,0.0,0.0,0.0,4000,4000,0.4887032831612856,4000,0.48979460146772474,0.6340855103559984,0.36591448964400164,0.06575,0.0010913183064391596,59.35694415820892,0.0,59.99997948370135,199.98842424242423
response,1.0,25.0,200,4,1000,505,0.0,0.0,0.0,4000,4000,0.49573228725878055,4000,0.49750454704586144,0.6355954364187886,0.3644045635812114,0.062,0.0017722597870808987,59.32683744041873,0.0,59.99994913349854,199.98478787878787
response,1.0,25.0,200,4,1000,606,0.0,0.0,0.0,4000,4000,0.4883829550170742,3992,0.49053440096629175,0.6260669980698235,0.37393300193017653,0.06275,0.0021514459492175675,59.43448923057657,0.0,59.99998807732965,199.95542424242424
response,1.0,25.0,200,4,1000,707,0.0,0.0,0.0,4000,4000,0.4929001801906568,4000,0.49375373393208244,0.6388296690312297,0.36117033096877027,0.06075,0.00085355374142565,59.398901933482314,0.0,59.99999471684805,199.99139393939393
response,1.0,25.0,200,4,1000,808,0.0,0.0,0.0,4000,4000,0.49293851178308845,3992,0.4950081666448595,0.6364990346644602,0.36350096533553977,0.066,0.0020696548617710753,59.38763701140579,0.0,59.999998273751366,199.98775757575757
response,1.0,25.0,200,4,1000,909,0.0,0.0,0.0,4000,4000,0.49024310656860537,3992,0.491919737123812,0.6351017956485676,0.3648982043514324,0.064,0.0016766305552066152,59.41659016602245,0.0,59.99999253464545,199.98021818181817
response,1.0,25.0,200,4,1000,1010,0.0,0.0,0.0,4000,4000,0.4962290231434257,3992,0.4977726926302029,0.6353833947780141,0.3646166052219859,0.06175,0.0015436694867771994,59.42284886499978,0.0,59.999992664397794,199.964495543672
response,1.1,25.0,200,4,1000,101,0.0,0.01875,0.01875,4000,4000,0.4937488664493742,3998,0.4951343263280104,0.638967691860181,0.361032308139819,0.07175,0.0013854598786361971,59.48400213908525,0.37521081691810976,60.06367199549579,199.9602424242424
response,1.1,25.0,200,4,1000,202,0.0,0.027,0.027,4000,4000,0.4909561977133326,3989,0.49542991813555287,0.6318072888087926,0.36819271119120744,0.068,0.004473720422220273,59.497012256256085,0.4097193646466565,60.06374063988909,199.98211125541124
response,1.1,25.0,200,4,1000,303,0.0,0.01475,0.01475,4000,4000,0.4944384878185839,3974,0.49886880703584907,0.639111536046131,0.360888463953869,0.06775,0.004430319217265166,59.511206334722274,0.4285644236021872,60.06335720566406,199.96065966386556
response,1.1,25.0,200,4,1000,404,0.0,0.02625,0.02625,4000,4000,0.4936299228790003,3977,0.49949703042965304,0.6361205640332372,0.36387943596676275,0.07225,0.005867107550652728,59.49104092887795,0.3397756652381949,60.06263609704437,199.96793226381462
response,1.1,25.0,200,4,1000,505,0.0,0.023,0.023,4000,4000,0.4909847497836687,3999,0.4944168548565781,0.630451963563292,0.36954803643670797,0.068,0.0034321050729094194,59.46978397578007,0.38254533833063276,60.06356837831467,199.96527356760885
response,1.1,25.0,200,4,1000,606,0.0,0.02625,0.02625,4000,4000,0.4921947937130982,3982,0.4966334964590961,0.6268570643990864,0.3731429356009136,0.07025,0.004438702745997891,59.52212342793463,0.48057489755149385,60.06325926206202,199.9691900178253
response,1.1,25.0,200,4,1000,707,0.0,0.021,0.021,4000,4000,0.4919938702283436,3989,0.4949399918065684,0.6349290610466441,0.36507093895335585,0.073,0.0029461215782247696,59.492686103245425,0.36468468249906516,60.063685803701404,199.98775757575757
response,1.1,25.0,200,4,1000,808,0.0,0.01325,0.01325,4000,4000,0.4964257446069949,3988,0.4999955795931808,0.6307146973747473,0.3692853026252527,0.07,0.0035698349861859047,59.494992621224526,0.3577722305788776,60.06350928557117,199.98775757575757
response,1.1,25.0,200,4,1000,909,0.0,0.0195,0.0195,4000,4000,0.4978909883528134,3985,0.5014504013640936,0.6404058761375138,0.35959412386248624,0.0665,0.0035594130112801547,59.497672863682666,0.35906582911499185,60.06363935611138,199.98213852813853
response,1.1,25.0,200,4,1000,1010,0.0,0.0225,0.0225,4000,4000,0.4964743241347238,3983,0.5006795904538488,0.6361128880846281,0.36388711191537193,0.06425,0.0042052663191249895,59.50482448471105,0.4227521351311643,60.0632133612559,199.99139393939393
response,1.2,25.0,200,4,1000,101,0.0,0.0865,0.0865,4000,4000,0.4836089574733434,3955,0.4934365672262112,0.6299083003360273,0.3700916996639727,0.08725,0.009827609752867783,59.55328934281095,1.0495734815134923,60.11653412252944,199.9870583142348
response,1.2,25.0,200,4,1000,202,0.0,0.0605,0.0605,4000,4000,0.4898276353700781,3991,0.49567179098721376,0.6238810012420818,0.3761189987579182,0.06975,0.005844155617135638,59.57205687855419,1.168333891320702,60.11666147796584,199.96232034632035
response,1.2,25.0,200,4,1000,303,0.0,0.05125,0.05125,4000,4000,0.49198152450499705,3981,0.49916905964559166,0.633773887449039,0.36622611255096105,0.06725,0.007187535140594614,59.58677600611854,1.221397232812234,60.11520837179783,199.96232034632035
response,1.2,25.0,200,4,1000,404,0.0,0.0745,0.0745,4000,4000,0.4859808407531486,3970,0.4961479818790652,0.6278657149561933,0.37213428504380675,0.0775,0.010167141125916601,59.57501264427035,1.1254230152112135,60.1160257492588,199.96360376878025
response,1.2,25.0,200,4,1000,505,0.0,0.0615,0.0615,4000,4000,0.4877137898121007,3976,0.4954959442772791,0.6217925662363273,0.3782074337636727,0.0735,0.007782154465178437,59.560642510495825,1.2221059601204656,60.116204286703415,199.969876496053
response,1.2,25.0,200,4,1000,606,0.0,0.073,0.073,4000,4000,0.4837615328286558,3944,0.49539094206971684,0.6239924518945725,0.37600754810542747,0.08325,0.01162940924106104,59.57727104024633,1.0668855118096632,60.1156070827528,199.97236883116884
response,1.2,25.0,200,4,1000,707,0.0,0.0615,0.0615,4000,4000,0.4892563335074676,3977,0.4970005055240375,0.6293030749705882,0.37069692502941176,0.07525,0.007744172016569906,59.575384264912444,1.1663861614440278,60.1168471276904,199.98775757575757
response,1.2,25.0,200,4,1000,808,0.0,0.064,0.064,4000,4000,0.4896488501543094,3957,0.4987129230579678,0.6283107242130782,0.3716892757869218,0.081,0.009064072903658404,59.57220809740627,1.251535773241364,60.11700005344903,199.98775757575757
response,1.2,25.0,200,4,1000,909,0.0,0.05575,0.05575,4000,4000,0.49004840565537866,3967,0.4969425064975252,0.6307109984948135,0.3692890015051865,0.07325,0.006894100842146533,59.57820573662934,1.1994110882043383,60.116522232712256,199.96256753246752
response,1.2,25.0,200,4,1000,1010,0.0,0.06825,0.06825,4000,4000,0.4895887350532256,3962,0.49870815569762783,0.626156935459635,0.373843064540365,0.07875,0.009119420644402243,59.581949731958126,1.2987617241089955,60.11676905644466,199.98510822510823
